BEZEICHNUNG,STR_SCHL,GEMEINDE_KENNUNG,ID,KENNUNG,mw,benannt nach,URL
Abteistraße,00013,8421000,904,STR,,,
Abt-Modest-Platz,00018,8421000,987,STR,m,,
Abt-Ulrich-Straße,00023,8421000,1303,STR,m,,
Ackerstraße,00026,8421000,753,STR,,,
Adlerbastei,00039,8421000,5,STR,,,
Adlergasse,00052,8421000,619,STR,,,
Adolf-Reichwein-Weg,00065,8421000,523,STR,m,,https://de.wikipedia.org/wiki/Adolf_Reichwein
Adolph-Kolping-Platz,00066,8421000,1787,STR,m,,https://de.wikipedia.org/wiki/Adolph_Kolping
Agathe-Streicher-Weg,00067,8421000,836,STR,w,"<strong>Agathe Streicher</strong>, 1520–1581, erste vereidigte Ulmer Ärztin.",https://de.wikipedia.org/wiki/Agatha_Streicher
Agnes-Karll-Weg,00068,8421000,712,STR,w,"<strong>Agnes Karll</strong>, 1868–1927, Reformerin der deutschen Krankenpflege",https://de.wikipedia.org/wiki/Agnes_Karll
Ahornweg,00070,8421000,1641,STR,,,
Alb-Donau-Straße,00074,8421000,972,STR,,,
Albecker Steige,00078,8421000,242,STR,,,
Albert-Einstein-Allee,00085,8421000,299,STR,m,,https://de.wikipedia.org/wiki/Albert_Einstein
Alberweg,00091,8421000,249,STR,,,
Albstraße,00097,8421000,285,STR,,,
Alfred-Mendler-Weg,00100,8421000,733,STR,m,,https://de.wikipedia.org/wiki/Theater_Ulm#Intendanten
Alfred-Moos-Weg,00101,8421000,1783,STR,m,,
Allewind,00103,8421000,1244,STR,,,
Allewinder Weg,00104,8421000,453,STR,,,
Alpenblick,00114,8421000,1241,STR,,,
Alpenstraße,00117,8421000,178,STR,,,
Alte Ochsensteige,00122,8421000,1780,STR,,,
Alter Bahnhof Söfl.,00124,8421000,1666,STR,,,
Alter Gögglinger Weg,00130,8421000,607,STR,,,
Alte Straße,00132,8421000,1558,STR,,,
Altheimer Straße,00134,8421000,1613,STR,,,
Am Bleicher Hag,00143,8421000,296,STR,,,
Am Bürgele,00152,8421000,1188,STR,,,
Am Eichberg,00154,8421000,506,STR,,,
Am Eselsberg,00156,8421000,326,STR,,,
Am Gaukler,00162,8421000,1094,STR,,,
Am Hag,00165,8421000,1225,STR,,,
Am Hetzenbäumle,00182,8421000,337,STR,,,
Am Hochsträß,00195,8421000,442,STR,,,
Am Hohen Rain,00196,8421000,1049,STR,,,
Am Langen Buckel,00197,8421000,1770,STR,,,
Ammonitenweg,00198,8421000,1753,STR,,,
Am Kraftwerk,00199,8421000,991,STR,,,
Am Lederhof,00200,8421000,79,STR,,,
Am Örlinger Holz,00201,8421000,278,STR,,,
Am Pfannenstiel,00202,8421000,1425,STR,,,
Ampferweg,00204,8421000,1218,STR,,,
Am Roten Bach,00208,8421000,757,STR,,,
Am Roten Berg,00221,8421000,759,STR,,,
Am Sandhaken,00234,8421000,470,STR,,,
Am Schulhaus,00240,8421000,1395,STR,,,
Amselweg,00247,8421000,645,STR,,,
Am Sudhaus,00248,8421000,1744,STR,,,
Am Vogelsang,00250,8421000,1114,STR,,,
Am Wall,00260,8421000,1667,STR,,,
Am Wallenkreuz,00273,8421000,908,STR,,,
Am Weiher,00279,8421000,1055,STR,,,
Am Zeughaus,00282,8421000,123,STR,,,
Am Zundeltor,00286,8421000,130,STR,,,
An der Baindt,00299,8421000,243,STR,,,
An der Brenzbahn,00312,8421000,208,STR,,,
An der Eisenbahn,00321,8421000,1398,STR,,,
An der Halde,00325,8421000,627,STR,,,
An der Kirche,00327,8421000,1491,STR,,,
An der Steige,00328,8421000,1668,STR,,,
An der Steig,00329,8421000,1266,STR,,,
An der Zollbrücke,00330,8421000,1305,STR,,,
Anne-Frank-Weg,00331,8421000,503,STR,w,"<strong>Anne Frank</strong>, 1929–1945, von den Nationalsozialisten ermordet",https://de.wikipedia.org/wiki/Anne_Frank
Antoniusweg,00332,8421000,1628,STR,?,,
Andreasweg,00333,8421000,1785,STR,?,,
Apothekergasse,00338,8421000,25,STR,,,
Arnegger Straße,00345,8421000,1231,STR,,,
Arsenalstraße,00351,8421000,153,STR,,,
Aspachweg,00355,8421000,1173,STR,,,
Auchertwiesenweg,00364,8421000,746,STR,,,
Auf dem Hart,00375,8421000,1788,STR,,,
Auf dem Kreuz,00377,8421000,107,STR,,,
Auf der Gölde,00390,8421000,341,STR,,,
Auf der Insel,00403,8421000,32,STR,,,
Auf der Laue,00416,8421000,783,STR,,,
Auf der Steinge,00419,8421000,1088,STR,,,
August-Nagel-Straße,00423,8421000,1207,STR,m,,https://de.wikipedia.org/wiki/August_Nagel
Austernweg,00473,8421000,1296,STR,,,
Bachmayerstraße,00475,8421000,1387,STR,?,,
Bachstraße,00481,8421000,131,STR,?,,
Badbergstraße,00488,8421000,266,STR,,,
Badersgängle,00494,8421000,699,STR,,,
Bärengasse,00507,8421000,97,STR,,,
Bäumlesäcker,00509,8421000,1594,STR,,,
Bahnhof Einsingen,00512,8421000,1226,STR,,,
Bahnhofplatz,00520,8421000,51,STR,,,
Bahnhof Söflingen,00528,8421000,828,STR,,,
Bahnhofstraße,00533,8421000,27,STR,,,
Baldingerweg,00572,8421000,419,STR,,,
Banater Weg,00580,8421000,542,STR,,,
Banzenmacherstraße,00585,8421000,513,STR,,,
Barbara-Kluntz-Weg,00592,8421000,616,STR,w,"<strong>Barbara Kluntz</strong>, 1660–1730, Komponistin",https://de.wikipedia.org/wiki/Barbara_Kluntz
Barbenweg,00595,8421000,1334,STR,,,
Barfüßerweg,00598,8421000,407,STR,,,
Basteistraße,00611,8421000,105,STR,,,
Bauhoferstraße,00624,8421000,353,STR,,,
Baumbühl,00637,8421000,551,STR,,,
Baurengasse,00650,8421000,115,STR,,,
Beethovenstraße,00663,8421000,213,STR,m,,https://de.wikipedia.org/wiki/Ludwig_van_Beethoven
Beginenweg,00670,8421000,614,STR,ff,Beginen (ordensfreie Schwestern),https://de.wikipedia.org/wiki/Beginen_und_Begarden
Behringweg,00676,8421000,225,STR,?,,
Bei den Alten Röhren,00689,8421000,13,STR,,,
Bei den Gärten,00695,8421000,1620,STR,,,
Bei den Morgen,00698,8421000,1167,STR,,,
Bei den Quellen,00702,8421000,810,STR,,,
Bei den Weihern,00709,8421000,1149,STR,,,
Bei der Laug,00710,8421000,655,STR,,,
Bei der Molke,00711,8421000,1761,STR,,,
Bei der Pilzbuche,00712,8421000,494,STR,,,
Bei der Wiege,00713,8421000,1435,STR,,,
Bei der Linde,00714,8421000,1813,STR,,,
Beim Alten Fritz,00715,8421000,176,STR,?,,
Beim B'scheid,00741,8421000,340,STR,,,
Beim Brückle,00750,8421000,1802,STR,,,
Beim Engländer,00754,8421000,1669,STR,,,
Beimerstetter Straße,00758,8421000,1359,STR,,,
Beim Haslachkreuz,00762,8421000,1046,STR,,,
Beim Kessel,00767,8421000,354,STR,,,
Beim Kleinen Gehrn,00770,8421000,1378,STR,,,
Beim Spitalwald,00778,8421000,1816,STR,,,
Beim Riedfleck,00780,8421000,393,STR,,,
Beim Steinbruch,00781,8421000,486,STR,,,
Beim Tannenhof,00783,8421000,966,STR,,,
Beim Türmle,00793,8421000,707,STR,,,
Beim Wasserturm,00796,8421000,1047,STR,,,
Beim Wengenholz,00800,8421000,1812,STR,,,
Benediktinerweg,00806,8421000,892,STR,?,,
Benzstraße,00819,8421000,467,STR,?,,
Berblingerstraße,00832,8421000,124,STR,?,,
Bergackerweg,00836,8421000,1329,STR,,,
Bergstraße,00845,8421000,628,STR,,,
Bergweg,00848,8421000,1564,STR,,,
Berliner Platz,00858,8421000,1670,STR,,,
Berliner Ring,00860,8421000,300,STR,,,
Bernstadter Weg,00863,8421000,1396,STR,,,
Bernsteinweg,00866,8421000,1085,STR,,,
Bertholdstraße,00869,8421000,1300,STR,?,,
Bessererstraße,00871,8421000,142,STR,?,,Patrizierfamilie Besserer
Beyerstraße,00884,8421000,383,STR,?,,
Bgm.-Leypoldt-Weg,00886,8421000,1814,STR,m,,
Biberacher Straße,00887,8421000,921,STR,,,
Bilharzstraße,00894,8421000,1540,STR,?,,
Bindergasse,00897,8421000,190,STR,,,
Binsenweg,00900,8421000,1356,STR,,,
Binsenweiherweg,00901,8421000,876,STR,,,
Birkenlauhstraße,00902,8421000,1546,STR,,,
Birkenweg,00904,8421000,1639,STR,,,
Bismarckplatz,00910,8421000,1671,STR,m,x,https://de.wikipedia.org/wiki/Otto_von_Bismarck
Bismarckring,00923,8421000,156,STR,m,x,https://de.wikipedia.org/wiki/Otto_von_Bismarck
Bizäuneweg,00927,8421000,1113,STR,,,
Blauäcker,00931,8421000,758,STR,,,
Blaubeurer Straße,00936,8421000,336,STR,,,
Blaubeurer Tor,00938,8421000,514,STR,,,
Blauweg,00949,8421000,1672,STR,,,
Bleicher-Walk-Straße,00962,8421000,338,STR,?,,
Bleichstraße,00975,8421000,165,STR,?,,
Blücherstraße,00988,8421000,374,STR,?,,
Blumenscheinweg,01001,8421000,344,STR,,,
Blumenstraße,01014,8421000,548,STR,,,
Bockgasse,01027,8421000,61,STR,,,
Bockweg,01040,8421000,858,STR,,,
Bodenstraße,01053,8421000,146,STR,,,
Böblingerstraße,01066,8421000,159,STR,,,
Böfingen,01079,8421000,1673,STR,,,
Böfinger Halde,01092,8421000,261,STR,,,
Böfinger Steige,01105,8421000,240,STR,,,
Böfinger Straße,01118,8421000,238,STR,,,
Böfinger Weg,01119,8421000,485,STR,,,
Böhmeweg,01131,8421000,564,STR,,,
Bollinger Straße,01138,8421000,1574,STR,,,
Boschstraße,01144,8421000,465,STR,,,
Brandäckerweg,01147,8421000,967,STR,,,
Brandenburgweg,01157,8421000,493,STR,,,
Braunlandweg,01170,8421000,259,STR,,,
Brautgasse,01183,8421000,20,STR,,,
Bregenzer Straße,01190,8421000,970,STR,,,
Breite,01194,8421000,1516,STR,,,
Breite Gasse,01196,8421000,65,STR,,,
Breitenweg,01199,8421000,1746,STR,,,
Brenzstraße,01209,8421000,205,STR,,,
Brettacherweg,01212,8421000,1081,STR,,,
Bricciusweg,01218,8421000,1304,STR,?,,
Brombeerweg,01222,8421000,725,STR,,,
Bruckackerstraße,01227,8421000,1309,STR,,,
Brucknerweg,01235,8421000,201,STR,,,
Brühläcker,01236,8421000,1656,STR,,,
Brühlsteige,01237,8421000,1083,STR,,,
Brühlstraße,01238,8421000,1368,STR,,,
Brunnengasse,01248,8421000,703,STR,,,
Brunnensteige,01250,8421000,1550,STR,,,
Brunnenstraße,01251,8421000,1623,STR,,,
Buchbrunnenweg,01253,8421000,286,STR,,,
Buchauer Straße,01255,8421000,952,STR,,,
Buchenlandweg,01256,8421000,520,STR,,,
Buchenweg,01258,8421000,1640,STR,,,
Buchhau,01260,8421000,1270,STR,,,
Buchmillergasse,01261,8421000,349,STR,,,
Buckenhof,01266,8421000,1404,STR,,,
Büchsengasse,01274,8421000,74,STR,,,
Burgauer Weg,01287,8421000,866,STR,,,
Burgsteige,01300,8421000,174,STR,,,
Burgunderweg,01313,8421000,332,STR,,,
Bussenblick,01320,8421000,1243,STR,,,
Buttenweg,01326,8421000,585,STR,,,
Butzental,01332,8421000,794,STR,,,
Butzentalweg,01334,8421000,844,STR,,,
Cäcilie-Auer-Weg,01336,8421000,615,STR,w,"<strong>Cäcilie Auer</strong>, 1542–1608, die in Ulm die Auerstiftung zur Förderung von Studierenden gründete",
Carl-Ebner-Straße,01338,8421000,137,STR,m,n,
Carl-Schurz-Straße,01339,8421000,325,STR,m,,https://de.wikipedia.org/wiki/Carl_Schurz
Cartesiusstraße,01345,8421000,612,STR,m?,,https://de.wikipedia.org/wiki/Ren%C3%A9_Descartes
Christianweg,01352,8421000,888,STR,?,,
Clarissenstraße,01365,8421000,680,STR,ff,Klarissenkloster Söflingen,https://de.wikipedia.org/wiki/Klarissenkloster
Daimlerstraße,01378,8421000,466,STR,?,u,
Darrenweg,01384,8421000,1190,STR,?,,
Deinselsgasse,01391,8421000,67,STR,?,,
Dellmensinger Straße,01395,8421000,989,STR,,,
Deutschhausgasse,01404,8421000,117,STR,,,
Deutschherrenstraße,01410,8421000,1056,STR,,,
Dieselstraße,01417,8421000,589,STR,?,,
Dieterichweg,01430,8421000,406,STR,?,,
Dietinger Weg,01432,8421000,456,STR,,,
Distelweg,01433,8421000,1224,STR,,,
Donauhalde,01434,8421000,983,STR,,,
Donaustraße,01443,8421000,2,STR,,,
Donautalstraße,01469,8421000,861,STR,,,
Dorfplatz,01473,8421000,1798,STR,,,
Dorfstraße,01475,8421000,1051,STR,,,
Dornbühl,01482,8421000,553,STR,,,
Dornierstraße,01490,8421000,590,STR,,,
Dornröschenweg,01508,8421000,575,STR,?,,
Dornstadter Straße,01510,8421000,1597,STR,,,
Dornstadter Weg,01511,8421000,1423,STR,,,
Dreierbergweg,01521,8421000,765,STR,,,
Dreifaltigkeitsweg,01534,8421000,937,STR,,,
Dreiköniggasse,01547,8421000,78,STR,,,
Dreyerweg,01560,8421000,885,STR,?,,
Drosselweg,01570,8421000,1769,STR,,,
Drosselbartweg,01573,8421000,576,STR,?,,
Dr.-Max-Bentele-Weg,01574,8421000,1779,STR,m,,https://de.wikipedia.org/w/index.php?title=Max_Bentele_(Ingenieur)
Dr.-Otmar-Schäuffelen-Weg,01575,8421000,1743,STR,m,,http://www.festung-ulm.de/index.php?option=com_content&view=article&id=49
Dürner Weg,01578,8421000,1440,STR,,,
Dullisbrunnen,01580,8421000,1527,STR,,,
Eberhardtstraße,01583,8421000,235,STR,m,,https://de.wikipedia.org/wiki/Pflugfabrik_Gebr%C3%BCder_Eberhardt
Eberhard-Finckh-Straße,01586,8421000,480,STR,m,,https://de.wikipedia.org/wiki/Eberhard_Finckh
Eberlinweg,01591,8421000,1534,STR,m?,,
Eckostraße,01594,8421000,1100,STR,,,
Edith-Stein-Ring,01595,8421000,1789,STR,w,"<strong>Edith Stein</strong>, 1891–1942, Philosophin und Frauenrechtlerin, im Konzentrationslager ermordet",https://de.wikipedia.org/wiki/Edith_Stein
Egertweg,01599,8421000,492,STR,?,,
Egginger Straße,01607,8421000,1151,STR,,,
Egginger Weg,01612,8421000,446,STR,,,
Ehinger Straße,01625,8421000,155,STR,,,
Ehmannstraße,01628,8421000,1360,STR,?,,
Ehrensteiner Feld,01630,8421000,709,STR,,,
Eibenweg,01631,8421000,1384,STR,,,
Eichbergplatz,01633,8421000,504,STR,,,
Eichbühlstraße,01634,8421000,976,STR,,,
Eichelesgasse,01638,8421000,84,STR,?,,
Eichenäckerweg,01651,8421000,764,STR,,,
Eichendorffweg,01664,8421000,567,STR,,,
Eichengrund,01677,8421000,255,STR,,,
Eichenhang,01690,8421000,257,STR,,,
Eichhaldenweg,01698,8421000,1565,STR,,,
Eichhornweg,01703,8421000,800,STR,,,
Eichstraße,01706,8421000,1364,STR,,,
Einsteinstraße,01716,8421000,357,STR,m,,https://de.wikipedia.org/wiki/Albert_Einstein
Einsteinweg,01718,8421000,1465,STR,m,,https://de.wikipedia.org/wiki/Albert_Einstein
Eiselauer Weg,01725,8421000,1665,STR,?,,
Eisenbahnstraße,01729,8421000,623,STR,,,
Elchinger Weg,01742,8421000,534,STR,,,
Elisabethenstraße,01755,8421000,377,STR,w,"<strong>Elisabeth von Thüringen</strong>, 1207–1231, im Christentum als Heilige verehrt",https://de.wikipedia.org/wiki/Elisabeth_von_Th%C3%BCringen
Ellerbachweg,01760,8421000,1660,STR,,,
Elsa-Brandström-Weg,01764,8421000,505,STR,w,"<strong>Elsa Brandström</strong>, 1888–1948, schwedische Krankenschwester, die im ersten Weltkrieg in Sibirien Kriegsgefangene betreute. 1933 nach Konflikten mit der NS-Regierung aus Deutschland ausgewandert.",https://de.wikipedia.org/wiki/Elsa_Br%C3%A4ndstr%C3%B6m
Enderlegasse,01768,8421000,693,STR,,,
Engelbergstraße,01781,8421000,350,STR,?,,
Engelgasse,01794,8421000,62,STR,?,,
Ensingerstraße,01807,8421000,140,STR,,,Patrizierfamilie
Ensostraße,01813,8421000,1147,STR,?,,
Erbacher Straße,01820,8421000,650,STR,,,
Erdbeerweg,01833,8421000,726,STR,,,
Erenäcker,01846,8421000,949,STR,,,
Erenlauhweg,01859,8421000,956,STR,,,
Erika-Schmid-Weg,01865,8421000,1803,STR,w,,https://de.wikipedia.org/wiki/Erika_Schmid
Erlenstraße,01872,8421000,704,STR,,,
Erminger Straße,01879,8421000,1066,STR,,,
Erminger Weg,01885,8421000,455,STR,,,
Erminger Wiesen,01886,8421000,1771,STR,,,
Ernst-Abbe-Straße,01890,8421000,1220,STR,m,,https://de.wikipedia.org/wiki/Ernst_Abbe
Ernst-Bauer-Weg,01892,8421000,1804,STR,m,,
Ernst-Wiechert-Weg,01898,8421000,566,STR,m,,https://de.wikipedia.org/wiki/Ernst_Wiechert
Erstetter Weg,01911,8421000,452,STR,,,
Eugen-Bolz-Straße,01924,8421000,258,STR,m,,https://de.wikipedia.org/wiki/Eugen_Bolz
Eugen-Gerstenmaier-Weg,01927,8421000,507,STR,m,,
Eythstraße,01937,8421000,185,STR,?,,
Fabristraße,01950,8421000,181,STR,?,,
Falbenweg,01956,8421000,1757,STR,,,
Faulhaberstraße,01963,8421000,499,STR,?,,
Federmannweg,01976,8421000,412,STR,?,,
Feichtmayrweg,01989,8421000,823,STR,,,
Feldstraße,02002,8421000,864,STR,,,
Ferdinand-Sauerbruch-Weg,02008,8421000,717,STR,m,,https://de.wikipedia.org/wiki/Ferdinand_Sauerbruch
Fichtenstraße,02011,8421000,1385,STR,,,
Finkenstraße,02015,8421000,546,STR,,,
Fischbachhof,02020,8421000,1651,STR,,,
Fischergasse,02028,8421000,31,STR,,,
Fischerhauser Weg,02041,8421000,936,STR,,,
Flohäckerweg,02046,8421000,1747,STR,?,,
Forchenweg,02050,8421000,1464,STR,,,
Forellenweg,02052,8421000,1340,STR,,,
Fort Albeck,02054,8421000,254,STR,,,
Fort Friedrichsau,02056,8421000,1674,STR,,,
Fort Oberer Eselsberg,02057,8421000,1675,STR,,,
Fort Oberer Kuhberg,02058,8421000,1676,STR,,,
Fort Prittwitz,02059,8421000,1677,STR,m,,https://de.wikipedia.org/wiki/Moritz_Karl_Ernst_von_Prittwitz
Fort Safranberg,02060,8421000,241,STR,,,
Fort Söflinger Türmle,02061,8421000,1678,STR,,,
Fort Unterer Eselsberg,02062,8421000,1679,STR,,,
Fort Unterer Kuhberg,02063,8421000,1680,STR,,,
Fraidelweg,02080,8421000,815,STR,,,
Franz-Buck-Straße,02083,8421000,1242,STR,m,,
Franzenhauserweg,02084,8421000,1439,STR,?,,
Franziskusweg,02086,8421000,1626,STR,?,,
Franz-Wiedemeier-Straße,02089,8421000,776,STR,m,,https://de.wikipedia.org/wiki/Franz_Wiedemeier
Frauengraben,02093,8421000,93,STR,ff,Örtlichkeitsangabe: In Richtung des Frauentors bzw. des Standorts der ehemaligen Kirche „Unsere liebe Frau ennet Feld“,
Frauenholzweg,02096,8421000,981,STR,,,
Frauensteige,02106,8421000,193,STR,ff,Örtlichkeitsangabe: In Richtung des Frauentors bzw. des Standorts der ehemaligen Kirche „Unsere liebe Frau ennet Feld“,
Frauenstraße,02119,8421000,24,STR,ff,Örtlichkeitsangabe: In Richtung des Frauentors bzw. des Standorts der ehemaligen Kirche „Unsere liebe Frau ennet Feld“,
Frickgasse,02132,8421000,347,STR,?,,
Friedenstraße,02145,8421000,209,STR,,,
Friedhofstraße,02150,8421000,1372,STR,,,
Friedrich-Ebert-Straße,02158,8421000,118,STR,m,,https://de.wikipedia.org/wiki/Friedrich_Ebert
Friedrichsau,02171,8421000,234,STR,m,,https://de.wikipedia.org/wiki/Friedrich_(W%C3%BCrttemberg)
Friedrichsaustraße,02184,8421000,232,STR,?,u,
Friedrichshafener Straße,02187,8421000,954,STR,,,
Fröbelstraße,02190,8421000,1361,STR,?,,
Fuchsweg,02197,8421000,802,STR,,,
Fünf-Bäume-Weg,02205,8421000,778,STR,,,
Fürsteneckerstraße,02210,8421000,422,STR,,,
Fuggerstraße,02213,8421000,1337,STR,,,
Funkenweg,02216,8421000,1646,STR,,,
Furttenbachstraße,02223,8421000,517,STR,,,
Gänslände,02236,8421000,125,STR,,,
Gänswieseweg,02248,8421000,217,STR,,,
Gärtnerweg,02262,8421000,789,STR,,,
Gaisbergweg,02270,8421000,630,STR,,,
Gaisenbergstraße,02275,8421000,204,STR,,,
Galgenbergweg,02288,8421000,417,STR,,,
Galgenfeld,02290,8421000,880,STR,,,
Galli-Schnitzer-Weg,02293,8421000,1187,STR,?,,
Gambrinushof,02295,8421000,1745,STR,?,,
Gartenhalde,02300,8421000,1573,STR,,,
Gartensteige,02310,8421000,1087,STR,,,
Gartenstraße,02312,8421000,162,STR,,,
Gartenweg,02314,8421000,907,STR,,,
Gaugler,02319,8421000,1443,STR,?,,
Gehrnstraße,02324,8421000,1363,STR,?,,
Gehrnweg,02327,8421000,624,STR,?,,
Geigergasse,02340,8421000,367,STR,?,,
Gemeindeplatz,02353,8421000,686,STR,,,
Georg-Elser-Weg,02360,8421000,482,STR,m,,https://de.wikipedia.org/wiki/Georg_Elser
Georgstraße,02366,8421000,427,STR,?,,
Gerbergasse,02379,8421000,44,STR,,,
Gerhart-Hauptmann-Weg,02392,8421000,334,STR,m,,https://de.wikipedia.org/wiki/Gerhart_Hauptmann
Gerokweg,02405,8421000,379,STR,?,,
Geruglet,02406,8421000,1510,STR,?,,
Gersterstraße,02407,8421000,1332,STR,?,,
Gertrud-Beck-Straße,02410,8421000,1792,STR,w,"<strong>Gertrud Beck</strong>, 1915–1994, von 1971–1989 Ulmer Stadträtin",
Gideon-Bacher-Straße,02418,8421000,104,STR,m,,https://de.wikipedia.org/wiki/Gideon_Bacher
Ginsterweg,02427,8421000,1169,STR,?,,
Glasgasse,02431,8421000,60,STR,,,
Gleißelstetten,02444,8421000,835,STR,,,
Glockengasse,02457,8421000,701,STR,,,
Glöcklergraben,02470,8421000,1681,STR,,,
Glöcklerstraße,02483,8421000,55,STR,,,
Gneisenaustraße,02496,8421000,378,STR,,,
Gögglinger Straße,02509,8421000,867,STR,,,
Goerdelerweg,02522,8421000,262,STR,,,
Goethestraße,02535,8421000,161,STR,m,,https://de.wikipedia.org/wiki/Johann_Wolfgang_von_Goethe
Graf-Arco-Straße,02561,8421000,591,STR,m,,
Grafensteinerweg,02563,8421000,1796,STR,,,
Greifengasse,02574,8421000,100,STR,,,
Gresenhofgasse,02587,8421000,46,STR,,,
Greutstraße,02593,8421000,1619,STR,,,
Griesbadgasse,02600,8421000,109,STR,,,
Griesgasse,02613,8421000,698,STR,,,
Grimmelfinger Weg,02626,8421000,450,STR,,,
Grüner Graben,02639,8421000,282,STR,,,
Grüner Hof,02652,8421000,3,STR,,,
Grüner Weg,02665,8421000,550,STR,,,
Grünhofgasse,02678,8421000,116,STR,,,
Güterbahnhof,02691,8421000,528,STR,,,
Gutenbergstraße,02704,8421000,215,STR,m,,https://de.wikipedia.org/wiki/Johannes_Gutenberg
Gutenzellerweg,02710,8421000,1370,STR,?,,
Häberlinweg,02717,8421000,636,STR,?,,
Hämpfergasse,02730,8421000,40,STR,,,
Hafenbad,02743,8421000,63,STR,,,
Hafenberg,02746,8421000,1738,STR,,,
Hafengasse,02756,8421000,58,STR,,,
Hahnengasse,02769,8421000,108,STR,,,
Haidweg,02782,8421000,401,STR,,,
Haifischweg,02785,8421000,1232,STR,,,
Halde,02788,8421000,1343,STR,,,
Haldenäcker,02790,8421000,1011,STR,,,
Haldenweg,02795,8421000,762,STR,,,
Hammerstraße,02808,8421000,348,STR,,,
Hans-Acker-Weg,02812,8421000,787,STR,m,,https://de.wikipedia.org/wiki/Hans_Acker
Hans-Albrecht-Bethe-Straße,02813,8421000,1817,STR,m,,https://de.wikipedia.org/wiki/Hans_Bethe
Hans-Krebs-Weg,02816,8421000,307,STR,m,,
Hans-Lorenser-Straße,02818,8421000,597,STR,m,,https://de.wikipedia.org/wiki/Hans_Lorenser
Hans-Reyhing-Weg,02820,8421000,1663,STR,m,,https://de.wikipedia.org/wiki/Hans_Reyhing
Harthausen,02821,8421000,839,STR,,,
Hans-und-Sophie-Scholl-Platz,02822,8421000,1755,STR,mw,,https://de.wikipedia.org/wiki/Geschwister_Scholl
Harthauser Straße,02834,8421000,683,STR,,,
Hartmannstraße,02847,8421000,187,STR,?,,
Hartstraße,02852,8421000,1624,STR,,,
Haselbühl,02860,8421000,327,STR,,,
Haselnussweg,02862,8421000,1748,STR,,,
Hasenbühlweg,02866,8421000,1391,STR,,,
Hasensteige,02873,8421000,797,STR,,,
Haslacher Steig,02880,8421000,1756,STR,,,
Haslacher Straße,02884,8421000,1373,STR,,,
Haslacher Weg,02886,8421000,484,STR,,,
Haßlerstraße,02899,8421000,404,STR,?,,
Hauffstraße,02912,8421000,158,STR,m,,https://de.wikipedia.org/wiki/Wilhelm_Hauff
Hauptbahnhof,02925,8421000,524,STR,,,
Hauptstraße,02938,8421000,863,STR,,,
Hechtweg,02948,8421000,1331,STR,,,
Heckenbühl,02951,8421000,295,STR,,,
Heidelbeerweg,02964,8421000,727,STR,,,
Heidenheimer Straße,02977,8421000,196,STR,,,
Heigeleshof,02990,8421000,52,STR,,,
Heilmeyersteige,02997,8421000,715,STR,m,,https://de.wikipedia.org/wiki/Ludwig_Heilmeyer
Heimstättenstraße,03003,8421000,362,STR,,,
Heimstraße,03016,8421000,121,STR,m,,https://de.wikipedia.org/wiki/Karl_von_Heim
Heinestraße,03022,8421000,1306,STR,m,,https://de.wikipedia.org/wiki/Heinrich_Heine
Heinrichstraße,03042,8421000,426,STR,?,,
Heinz-Brenner-Weg,03048,8421000,1805,STR,m,,https://de.wikipedia.org/wiki/Heinz_Brenner
Heinz-Feuchter-Weg,03050,8421000,1806,STR,m,,
Helfensteinweg,03055,8421000,251,STR,,,
Helmholtzstraße,03060,8421000,302,STR,m,,https://de.wikipedia.org/wiki/Hermann_von_Helmholtz
Henkersgraben,03068,8421000,45,STR,,,
Herbert-von-Karajan-Platz,03075,8421000,144,STR,m,,https://de.wikipedia.org/wiki/Herbert_von_Karajan
Herdbruckerstraße,03081,8421000,9,STR,,,
Herderweg,03087,8421000,1386,STR,m,,https://de.wikipedia.org/wiki/Johann_Gottfried_Herder
Hermann-Hesse-Weg,03090,8421000,1388,STR,m,,https://de.wikipedia.org/wiki/Hermann_Hesse
Hermann-Köhl-Weg,03092,8421000,1739,STR,m,,https://de.wikipedia.org/wiki/Hermann_K%C3%B6hl
Hermann-Stehr-Weg,03094,8421000,568,STR,m,,https://de.wikipedia.org/wiki/Hermann_Stehr
Hermann-Wild-Weg,03103,8421000,831,STR,m,,
Hermannstraße,03107,8421000,423,STR,?,,
Herrenkellergasse,03120,8421000,75,STR,,,
Herrenweg,03124,8421000,1749,STR,,,
Herrlinger Straße,03133,8421000,676,STR,,,
Heusteige,03140,8421000,652,STR,,,
Heuweg,03146,8421000,593,STR,,,
Heinrich-Herrenberger-Straße,03150,8421000,192,STR,m,,
Hildegard-Knef-Platz,03156,8421000,1736,STR,w,"<strong>Hildegard Knef</strong>, 1925–2002, in Ulm geborene Schauspielerin",https://de.wikipedia.org/wiki/Hildegard_Knef
Himbeerweg,03159,8421000,728,STR,,,
Himmelgasse,03172,8421000,42,STR,,,
Himmelweiler,03174,8421000,1553,STR,,,
Himmelweilerweg,03177,8421000,1545,STR,,,
Hindenburgring,03185,8421000,515,STR,m,,https://de.wikipedia.org/wiki/Paul_von_Hindenburg
Hinter dem Berg,03195,8421000,642,STR,,,
Hinter dem Brot,03198,8421000,94,STR,,,
Hinter der Mauer,03211,8421000,681,STR,,,
Hintere Rebengasse,03224,8421000,87,STR,,,
Hinterer Gartenweg,03226,8421000,905,STR,,,
Hirschbadgasse,03237,8421000,85,STR,,,
Hirschstraße,03250,8421000,48,STR,,,
Hirtenweg,03263,8421000,626,STR,,,
Höhenblick,03267,8421000,1213,STR,,,
Hölderlinweg,03268,8421000,1392,STR,m,,https://de.wikipedia.org/wiki/Friedrich_H%C3%B6lderlin
Hörvelsinger Weg,03272,8421000,219,STR,,,
Hofäckerweg,03276,8421000,487,STR,,,
Hofstraße,03289,8421000,695,STR,,,
Hofweg,03291,8421000,1217,STR,,,
Hoheschulgasse,03302,8421000,98,STR,,,
Hohe Steige,03306,8421000,1750,STR,,,
Hohnerstraße,03315,8421000,594,STR,,,
Holdergärten,03322,8421000,1595,STR,,,
Holderweg,03328,8421000,706,STR,,,
Holzäcker,03338,8421000,1815,STR,,,
Holzgasse,03340,8421000,1559,STR,,,
Holzstraße,03341,8421000,203,STR,,,
Hopfengasse,03350,8421000,1339,STR,,,
Hornistengasse,03354,8421000,366,STR,,,
Hubenbühl,03367,8421000,297,STR,,,
Hugo-Roller-Weg,03372,8421000,437,STR,m,,https://de.wikipedia.org/wiki/Hugo_Roller
Hülenweg,03373,8421000,1365,STR,,,
Humlanger Straße,03374,8421000,973,STR,,,
Hummelsried,03375,8421000,1078,STR,,,
Hummelsriedweg,03376,8421000,1059,STR,,,
Illerblickweg,03380,8421000,1682,STR,,,
Illerkirchberger Straße,03388,8421000,978,STR,,,
Illerstraße,03393,8421000,413,STR,,,
Ilpertshau,03396,8421000,1278,STR,,,
Im Außenbereich,03400,8421000,1683,STR,,,
Im Baindtle,03406,8421000,684,STR,,,
Im Gässele,03409,8421000,1638,STR,,,
Im Greut,03411,8421000,975,STR,,,
Im Grünen Winkel,03419,8421000,569,STR,,,
Im Grund,03432,8421000,927,STR,,,
Im Lehrer Feld,03433,8421000,1521,STR,,,
Im Öschle,03435,8421000,1233,STR,,,
Im Stocket,03440,8421000,1429,STR,,,
Im Trieb,03445,8421000,958,STR,,,
Im Wiblinger Hart,03447,8421000,969,STR,,,
Im Winkel,03450,8421000,1239,STR,,,
Im Zeitlett,03454,8421000,1381,STR,,,
In der Hege,03458,8421000,869,STR,,,
In der Höll,03471,8421000,114,STR,,,
In der Wanne,03484,8421000,331,STR,,,
Industriestraße,03490,8421000,1541,STR,,,
Innere Wallstraße,03497,8421000,163,STR,,,
Irisweg,03503,8421000,1345,STR,?,,
Irrgängle,03510,8421000,71,STR,,,
Isnyer Straße,03515,8421000,965,STR,,,
Jägerstraße,03523,8421000,678,STR,,,
Jägerweg,03536,8421000,903,STR,,,
Jahnstraße,03549,8421000,545,STR,m?,,https://de.wikipedia.org/wiki/Friedrich_Ludwig_Jahn
Jahnweg,03552,8421000,1625,STR,,,
James-Fitzmaurice-Weg,03555,8421000,1740,STR,m,,https://de.wikipedia.org/wiki/James_Fitzmaurice
James-Franck-Ring,03557,8421000,308,STR,m,,https://de.wikipedia.org/wiki/James_Franck
Januarius-Zick-Straße,03562,8421000,893,STR,m,,https://de.wikipedia.org/wiki/Januarius_Zick
Jauchertweg,03575,8421000,821,STR,,,
Jerg-Wieland-Straße,03582,8421000,1542,STR,m,,
Jörg-Stocker-Weg,03586,8421000,788,STR,m,,https://de.wikipedia.org/wiki/J%C3%B6rg_Stocker
Jörg-Syrlin-Straße,03588,8421000,780,STR,m,,https://de.wikipedia.org/wiki/J%C3%B6rg_Syrlin
Johannesstraße,03599,8421000,750,STR,?,,
Johannes-Weißer-Weg,03602,8421000,830,STR,m,,
Johann-Miller-Straße,03603,8421000,1383,STR,m,,
Johannes-Mynsinger-Weg,03604,8421000,838,STR,m,,
Johannes-Palm-Straße,03605,8421000,935,STR,m,,https://de.wikipedia.org/wiki/Johannes_Palm
Johann-Stockar-Weg,03624,8421000,710,STR,m,,
Johann-Strauß-Weg,03627,8421000,202,STR,m,,https://de.wikipedia.org/wiki/Johann_Strauss
Jonathan-Stark-Weg,03633,8421000,1807,STR,m,,
Judenhof,03640,8421000,23,STR,,,
Julius-Leber-Weg,03653,8421000,521,STR,m,,
Junginger Straße,03667,8421000,287,STR,,,
Juraweg,03668,8421000,1298,STR,,,
Kässbohrerstraße,03670,8421000,351,STR,m,,
Käthe-Kollwitz-Weg,03671,8421000,834,STR,w,"<strong>Käthe Kollwitz</strong>, 1867–1945, Künstlerin",https://de.wikipedia.org/wiki/K%C3%A4the_Kollwitz
Kalköfele,03673,8421000,1074,STR,,,
Kammachergasse,03679,8421000,89,STR,,,
Kapellenberg,03685,8421000,1097,STR,,,
Kapellengasse,03692,8421000,685,STR,,,
Kapellenstraße,03705,8421000,906,STR,,,
Kargweg,03718,8421000,428,STR,,,
Karl-Schefold-Straße,03731,8421000,139,STR,m,,
Karlsplatz,03744,8421000,141,STR,m,,
Karlstraße,03757,8421000,170,STR,m,,
Karpfengasse,03770,8421000,57,STR,,,
Katharinenberg,03783,8421000,18,STR,w,"<strong>Katharina Pawlowna Romanowna</strong>, 1788–1819, Großfürstin von Russland (1788-1819) und Königin von Württemberg (1816-1819)",https://de.wikipedia.org/wiki/Katharina_Pawlowna
Katharinenstraße,03786,8421000,1152,STR,w,"<strong>Katharina von Alexandrien</strong>, um 300 u.Z., im Christentum als Heilige verehrt",https://de.wikipedia.org/wiki/Katharina_von_Alexandrien
Kauteräckerweg,03796,8421000,804,STR,,,
Kellerhalde,03809,8421000,760,STR,,,
Keltergasse,03822,8421000,53,STR,,,
Kelternweg,03835,8421000,714,STR,,,
Kemptener Straße,03839,8421000,962,STR,,,
Keplerstraße,03848,8421000,136,STR,,,
Kernerstraße,03861,8421000,179,STR,,,
Kesselbronn,03865,8421000,1480,STR,,,
Kiechelweg,03874,8421000,416,STR,,,
Kiefernweg,03880,8421000,1382,STR,,,
Kienlesbergstraße,03887,8421000,168,STR,,,
Kiesentalstraße,03892,8421000,1563,STR,,,
Kirchberger Straße,03893,8421000,1299,STR,,,
Kirchenweg,03895,8421000,1560,STR,,,
Kirchgasse,03896,8421000,1622,STR,,,
Kirchplatz,03900,8421000,358,STR,,,
Kirchstraße,03913,8421000,618,STR,,,
Kleinknechtweg,03921,8421000,613,STR,,,
Kleiststraße,03926,8421000,166,STR,,,
Klingensteiner Straße,03939,8421000,677,STR,,,
Klosterhof,03952,8421000,679,STR,,,
Klosterstraße,03965,8421000,751,STR,,,
Köllestraße,03978,8421000,443,STR,,,
Königstraße,03991,8421000,359,STR,,,
Königswiesenweg,04004,8421000,570,STR,,,
König-Wilhelm-Straße,04017,8421000,210,STR,m,(x),
Köpfingergasse,04030,8421000,68,STR,m,,
Kohlgasse,04043,8421000,90,STR,,,
Konrad-Huber-Straße,04050,8421000,1310,STR,m,,
Konrad-Zuse-Straße,04051,8421000,1822,STR,m,,
Korallenweg,04053,8421000,1297,STR,,,
Kornhausgasse,04056,8421000,101,STR,,,
Kornhausplatz,04069,8421000,95,STR,,,
Krafftstraße,04082,8421000,1684,STR,m,,
Kramgasse,04095,8421000,29,STR,,,
Krankenhausweg,04108,8421000,228,STR,,,
Krausstraße,04121,8421000,808,STR,,,
Krautgärten,04128,8421000,1112,STR,,,
Krebsgasse,04134,8421000,76,STR,,,
Kreuzhalde,04138,8421000,1596,STR,,,
Kronengasse,04147,8421000,38,STR,,,
Krugtalplatz,04150,8421000,1762,STR,,,
Krummbögle,04153,8421000,1555,STR,,,
Krumme Halde,04155,8421000,1374,STR,,,
Küfergasse,04160,8421000,92,STR,,,
Kugelbergweg,04170,8421000,1547,STR,,,
Kuhbergring,04172,8421000,641,STR,,,
Kuhbergstraße,04173,8421000,361,STR,,,
Kurt-Schumacher-Ring,04183,8421000,447,STR,m,,
Kurze Lemppen,04188,8421000,837,STR,,,
Kurze Straße,04199,8421000,145,STR,,,
Kutschenberg,04212,8421000,870,STR,,,
Lachhaustraße,04214,8421000,1148,STR,,,
Lämmerbergweg,04219,8421000,1562,STR,,,
Lämmerweg,04222,8421000,1208,STR,,,
Landfriedbühl,04225,8421000,549,STR,,,
Lange Lemppen,04226,8421000,827,STR,,,
Langer Weg,04227,8421000,1307,STR,,,
Lauhstraße,04234,8421000,1053,STR,,,
Laupheimer Straße,04238,8421000,931,STR,,,
Lautenberg,04251,8421000,86,STR,,,
Lautengasse,04264,8421000,47,STR,,,
Lehle,04272,8421000,270,STR,,,
Lehnerweg,04277,8421000,822,STR,,,
Lehrer-Steig-Weg,04285,8421000,1544,STR,,,
Lehrer Straße,04287,8421000,1431,STR,,,
Lehrer Tal,04288,8421000,298,STR,,,
Lehrer-Tal-Weg,04290,8421000,291,STR,,,
Leimgrubenweg,04303,8421000,247,STR,,,
Lenauweg,04316,8421000,329,STR,,,
Leonberger Weg,04329,8421000,784,STR,,,
Lerchenfeldhof,04333,8421000,1685,STR,,,
Lerchenfeldstraße,04334,8421000,1513,STR,,,
Lerchengartenweg,04335,8421000,1367,STR,,,
Lerchenstraße,04342,8421000,544,STR,,,
Leubeweg,04355,8421000,405,STR,,,
Leutkircher Straße,04364,8421000,964,STR,,,
Lichtensteinstraße,04368,8421000,182,STR,,,
Liebigstraße,04371,8421000,1539,STR,,,
Ligusterweg,04372,8421000,1751,STR,,,
Lindauer Straße,04373,8421000,960,STR,,,
Lindensteig,04374,8421000,1600,STR,,,
Lindenhöhe,04375,8421000,1768,STR,,,
Lindenstraße,04381,8421000,345,STR,,,
Lindenweg,04383,8421000,1427,STR,,,
Lise-Meitner-Straße,04390,8421000,588,STR,w,"<strong>Lise Meitner</strong>, 1878–1968, österreicherische Kernphysikerin, die zusammen mit Otto Hahn und Fritz Straßmann die Kernspaltung entdeckte.",https://de.wikipedia.org/wiki/Lise_Meitner
Liststraße,04394,8421000,595,STR,m,,
Lochäckerweg,04407,8421000,948,STR,,,
Lochenweg,04420,8421000,253,STR,,,
Löfflerstraße,04433,8421000,501,STR,m,,
Logauweg,04446,8421000,565,STR,,,
Loherstraße,04448,8421000,1487,STR,,,
Lonestraße,04452,8421000,1390,STR,,,
Loschweg,04459,8421000,637,STR,,,
Ludwig-Beck-Straße,04472,8421000,481,STR,m,,
Lukasstraße,04485,8421000,752,STR,m,,
Lustgartenweg,04498,8421000,859,STR,,,
Mähringer Straße,04505,8421000,1486,STR,,,
Mähringer Weg,04511,8421000,304,STR,,,
Märchenweg,04524,8421000,445,STR,,,
Märzenbecherweg,04526,8421000,1760,STR,,,
Magirus-Deutz-Straße,04528,8421000,1781,STR,,,
Magirushof,04530,8421000,157,STR,m,,
Magirusstraße,04537,8421000,342,STR,m,,
Maienweg,04550,8421000,779,STR,,,
Manfred-Börner-Straße,04555,8421000,1811,STR,m,,
Marchtalerstraße,04563,8421000,206,STR,,,
Margarete-Steiff-Straße,04566,8421000,1790,STR,w,"<strong>Margarete Steiff</strong>, 1847–1909, Gründerin der Spielwarenfabrik Steiff",https://de.wikipedia.org/wiki/Margarete_Steiff
Margarethe-von-Wrangell-Weg,04567,8421000,716,STR,w,"<strong>Margarethe von Wrangell</strong>, 1877–1932, erste ordentliche Professorin in Deutschland",https://de.wikipedia.org/wiki/Margarete_von_Wrangell
Maria-Bosch-Straße,04570,8421000,1794,STR,w,"<strong>Maria Margaretha Bosch</strong>, 1818–1898, Tochter des Adlerwirts in Jungingen, Mutter u.A. von August Robert Bosch, dem Gründer der Bosch GmbH",
Marienstraße,04571,8421000,1101,STR,w,,
Marie-Goeppert-Mayer-Straße,04572,8421000,1819,STR,w,,
Maria-Görlin-Straße,04573,8421000,1823,STR,w,,
Mariusweg,04574,8421000,1531,STR,m,,
Markbronner Weg,04576,8421000,451,STR,,,
Marktplatz,04589,8421000,10,STR,,,
Markusstraße,04602,8421000,748,STR,m,,
Marner-Walk-Straße,04615,8421000,164,STR,m,,
Martinstraße,04628,8421000,160,STR,m,,
Martinusweg,04633,8421000,1629,STR,m,,
Martin-Zeiller-Weg,04635,8421000,656,STR,m,,
Mathildenstraße,04641,8421000,230,STR,w,"<strong>Mathilde Wieland</strong>, 1838–1920, von 1873–1887 Alleininhaberin der Wielandwerke",http://www.dhm.de/archiv/ausstellungen/gruenderzeit/biografien/wieland_philipp_jakob_und_mathilde.html
Maurerweg,04654,8421000,811,STR,,,
Max-Born-Straße,04664,8421000,1818,STR,m,,
Maybachstraße,04667,8421000,592,STR,m,,
Mecklenburgweg,04680,8421000,538,STR,,,
Meersburger Straße,04684,8421000,1799,STR,,,
Meichsnerweg,04689,8421000,782,STR,m,,
Meinlohstraße,04693,8421000,755,STR,m,,
Meinradweg,04700,8421000,1661,STR,m,,
Mendelstraße,04702,8421000,1538,STR,m,,
Mergelgrube,04703,8421000,1795,STR,,,
Mergelweg,04704,8421000,1063,STR,,,
Merianweg,04705,8421000,711,STR,w,"<strong>Maria Sibylla Merian</strong>, 1647–1717, Naturforscherin und Künstlerin",https://de.wikipedia.org/wiki/Maria_Sibylla_Merian
Merzigweg,04706,8421000,581,STR,,,
Messelsteinweg,04719,8421000,508,STR,,,
Mettlachweg,04732,8421000,580,STR,,,
Metzgergasse,04745,8421000,56,STR,,,
Meyerhofstraße,04747,8421000,309,STR,?,,
Michel-Erhart-Weg,04750,8421000,832,STR,m,,
Michelsbergstraße,04758,8421000,173,STR,,,
Mittelfeld,04763,8421000,1582,STR,,,
Mittelweg,04765,8421000,1308,STR,,,
Mittlerer Kuhberg,04771,8421000,431,STR,,,
Mockweg,04784,8421000,890,STR,m,,
Mönchshalde,04790,8421000,1264,STR,,,
Mörikestraße,04797,8421000,167,STR,m,,
Mohrengasse,04810,8421000,43,STR,,x,
Molasseweg,04817,8421000,1064,STR,,,
Moltkestraße,04823,8421000,363,STR,m,,
Mozartstraße,04836,8421000,175,STR,m,,
Mühlbachstraße,04845,8421000,1057,STR,,,
Mühlengasse,04849,8421000,82,STR,,,
Mühlsteige,04862,8421000,171,STR,,,
Mühlstraße,04875,8421000,696,STR,,,
Münchner Straße,04888,8421000,112,STR,,,
Münsterplatz,04901,8421000,19,STR,,,
Multscherstraße,04914,8421000,583,STR,m,,
Mummelweg,04917,8421000,1358,STR,?,,
Muskatellerweg,04927,8421000,559,STR,,,
Mutzenlauher,04935,8421000,1460,STR,,,
Nadelbaumäcker,04937,8421000,1082,STR,,,
Nagelstraße,04940,8421000,221,STR,?,,
Nauweg,04946,8421000,1389,STR,,,
Neithardtstraße,04953,8421000,135,STR,?,,
Neubronnerweg,04966,8421000,420,STR,?,,
Neue Gasse,04979,8421000,691,STR,,,
Neuer Graben,04992,8421000,66,STR,,,
Neue Straße,05005,8421000,4,STR,,,
Neunkirchenweg,05018,8421000,441,STR,,,
Neutorstraße,05031,8421000,143,STR,,,
Nicolaus-Otto-Straße,05038,8421000,468,STR,m,,
Niederländerhofstraße,05044,8421000,231,STR,,,
Nüblingweg,05070,8421000,386,STR,m,,
Oberberghof,05076,8421000,315,STR,,,
Obere Bleiche,05083,8421000,339,STR,,,
Oberer Eselsberg,05090,8421000,313,STR,,,
Oberer Hasenkopfweg,05096,8421000,324,STR,,,
Oberer Kuhberg,05098,8421000,444,STR,,,
Oberer Riedhof,05101,8421000,1686,STR,,,
Oberes Braunland,05103,8421000,256,STR,,,
Oberhaslach,05106,8421000,1484,STR,,,
Oberländerweg,05108,8421000,1797,STR,,,
Obertalfingen,05109,8421000,1687,STR,,,
Obertalfinger Weg,05122,8421000,267,STR,,,
Ochsengässle,05135,8421000,8,STR,,,
Ochsengasse,05148,8421000,694,STR,,,
Ochsensteige,05161,8421000,318,STR,,,
Örlingen,05174,8421000,272,STR,,,
Örlinger Straße,05187,8421000,224,STR,,,
Örlinger-Tal-Weg,05200,8421000,245,STR,,,
Öschweg,05213,8421000,957,STR,,,
Öschwende,05216,8421000,1536,STR,,,
Olgaplatz,05226,8421000,132,STR,w,"<strong>Olga Nikolajewna Romanowa</strong>, 1822–1892, Königin von Württemberg",https://de.wikipedia.org/wiki/Olga_Nikolajewna_Romanowa_(1822%E2%80%931892)
Olgastraße,05239,8421000,81,STR,w,"<strong>Olga Nikolajewna Romanowa</strong>, 1822–1892, Königin von Württemberg",https://de.wikipedia.org/wiki/Olga_Nikolajewna_Romanowa_(1822%E2%80%931892)
Ortsstraße,05245,8421000,1228,STR,,,
Ostermahdweg,05252,8421000,895,STR,,,
Ostplatz,05265,8421000,1688,STR,,,
Ostpreußenweg,05278,8421000,541,STR,,,
Otl-Aicher-Allee,05288,8421000,1808,STR,m,,
Ottiliengasse,05291,8421000,687,STR,w,"<strong>Ottilie Kittelmann</strong>, 1867–1945, Tochter des Bauwerkmeisters (und damaligen Eigentümers der Straße) Karl Frey in Söflingen",
Otto-Elsässer-Weg,05296,8421000,763,STR,m,,
Otto-Lilienthal-Weg,05300,8421000,1741,STR,m,,
Ottweilerweg,05304,8421000,572,STR,?,,
Panoramastraße,05310,8421000,1240,STR,,,
Pappelauer Weg,05317,8421000,457,STR,,,
Paradiesgasse,05330,8421000,36,STR,,,
Parkstraße,05343,8421000,214,STR,,,
Parlerstraße,05356,8421000,516,STR,m,,
Paukengasse,05369,8421000,369,STR,,,
Personenbahnhof,05382,8421000,525,STR,,,
Peter-Ury-Weg,05390,8421000,1809,STR,m,,
Pfaffenäcker,05405,8421000,730,STR,,,
Pfahläckerweg,05409,8421000,1758,STR,,,
Pfarrer-Höfflinger-Straße,05414,8421000,982,STR,m,,
Pfarrer-Schultes-Weg,05421,8421000,410,STR,m,,
Pfarrer-Weiß-Weg,05430,8421000,700,STR,m,,
Pfarrer-Weser-Straße,05434,8421000,807,STR,m,,
Pfauengasse,05447,8421000,83,STR,,,
Pfefflinger Straße,05460,8421000,129,STR,,,
Pfeifenmachergasse,05473,8421000,812,STR,,,
Pfeifergasse,05486,8421000,370,STR,,,
Pfennigholzweg,05492,8421000,980,STR,,,
Pfluggasse,05499,8421000,64,STR,,,
Pfullendorfer Straße,05508,8421000,953,STR,,,
Pionierstraße,05512,8421000,498,STR,,,
Plapperäcker,05525,8421000,723,STR,,,
Platzgasse,05538,8421000,77,STR,,,
Platzmahd,05551,8421000,877,STR,,,
Pommernweg,05564,8421000,540,STR,,,
Poppenreuteweg,05577,8421000,532,STR,,,
Postgasse,05603,8421000,37,STR,,,
Pranger,05616,8421000,862,STR,,,
Preiselbeerweg,05629,8421000,724,STR,,,
Presselweg,05642,8421000,402,STR,,,
Primelweg,05645,8421000,1341,STR,,,
Prittwitzstraße,05655,8421000,197,STR,m,,https://de.wikipedia.org/wiki/Moritz_Karl_Ernst_von_Prittwitz
Profosengasse,05668,8421000,12,STR,,,
Promenade,05681,8421000,148,STR,,,
Quarzweg,05685,8421000,1065,STR,,,
Quellenweg,05688,8421000,1618,STR,,,
Quendelweg,05690,8421000,1216,STR,m,,
Rabengasse,05694,8421000,91,STR,,,
Radgasse,05707,8421000,103,STR,,,
Raiffeisenstraße,05714,8421000,926,STR,m,,
Rappenstraße,05718,8421000,1145,STR,,,
Rapunzelweg,05720,8421000,577,STR,?,,
Ratgebweg,05726,8421000,1532,STR,?,,
Rathausstraße,05733,8421000,620,STR,,,
Rathausweg,05734,8421000,1561,STR,,,
Ravensburger Straße,05735,8421000,955,STR,,,
Rebengasse,05746,8421000,88,STR,,,
Rechbergweg,05759,8421000,250,STR,,,
Regerweg,05772,8421000,207,STR,m?,,
Rehweg,05785,8421000,801,STR,,,
Reichardweg,05798,8421000,385,STR,?,?,
Reichenauer Straße,05809,8421000,1543,STR,,?,
Reichenauer Weg,05811,8421000,395,STR,,?,
Renetteweg,05823,8421000,1733,STR,?,,
Reitergasse,05824,8421000,373,STR,,,
Rennenbachweg,05825,8421000,1006,STR,?,,
Reschweg,05826,8421000,1502,STR,,,
Resi-Weglein-Gasse,05827,8421000,555,STR,w,"<strong>Resi Weglein</strong>, 1894–1977, Unternehmergattin in Ulm, die im KZ Theresienstadt interniert als Krankenschwester tätig war",https://de.wikipedia.org/wiki/Resi_Weglein
Reutebergstraße,05828,8421000,1295,STR,,,
Reutlinger Straße,05830,8421000,951,STR,,,
Riedleinweg,05832,8421000,586,STR,?,,
Riedlenstraße,05834,8421000,1022,STR,?,,
Riedweg,05837,8421000,747,STR,,,
Riedwiesenweg,05850,8421000,819,STR,,,
Riemenschneiderweg,05858,8421000,1533,STR,,,
Rieslingweg,05863,8421000,563,STR,,,
Ringinger Straße,05869,8421000,1093,STR,,,
Ringstraße,05872,8421000,1537,STR,,,
Ristberg,05873,8421000,1116,STR,,,
Römerhof,05874,8421000,1689,STR,,,
Römerplatz,05876,8421000,1690,STR,,,
Robert-Dick-Weg,05878,8421000,556,STR,m,,
Robert-Koch-Straße,05880,8421000,310,STR,m,,
Römerstraße,05889,8421000,388,STR,,,
Rößenäckerweg,05891,8421000,1103,STR,,,
Rötelbachstraße,05895,8421000,1214,STR,,,
Rohrweg,05900,8421000,1357,STR,,,
Rollinweg,05905,8421000,1054,STR,,,
Romanweg,05908,8421000,1784,STR,,,
Rosengasse,05915,8421000,99,STR,,,
Rosensteinweg,05928,8421000,509,STR,,,
Rosenweg,05931,8421000,1394,STR,,,
Rote-Wand-Straße,05941,8421000,884,STR,,,
Rothstraße,05954,8421000,191,STR,,,
Rotkäppchenweg,05967,8421000,578,STR,,,
Rudolf-Ludwig-Mössbauer-Straße,05970,8421000,1820,STR,m,,
Rudolfstraße,05971,8421000,809,STR,m,,
Rührweg,05974,8421000,1493,STR,,,
Ruhetal,05993,8421000,293,STR,,,
Ruländerweg,06006,8421000,584,STR,,,
Rußstraße,06019,8421000,229,STR,,,
Rychartweg,06024,8421000,719,STR,m,,
Saarlandstraße,06032,8421000,438,STR,,,
Sachsenweg,06045,8421000,536,STR,,,
Sägefeldweg,06058,8421000,891,STR,,,
Säntisstraße,06071,8421000,180,STR,,,
Safranberg,06084,8421000,237,STR,,,
Salemer Weg,06090,8421000,1369,STR,,,
Salenhauweg,06093,8421000,1062,STR,,,
Salenweg,06097,8421000,621,STR,,,
Salzstadelgasse,06110,8421000,73,STR,,,
Samlandstraße,06118,8421000,1086,STR,,,
Sammlungsgasse,06123,8421000,96,STR,ff,<strong>Ulmer Sammlung</strong>,
Sanddornweg,06126,8421000,1170,STR,,,
Sandweg,06128,8421000,1153,STR,,,
St. Moritz,06166,8421000,1471,STR,,,
Sattlergasse,06175,8421000,69,STR,,,
Saulgauer Straße,06178,8421000,922,STR,,,
Schadstraße,06188,8421000,421,STR,?,,
Schaffelkingen,06195,8421000,1286,STR,,,
Schaffelkinger Weg,06201,8421000,454,STR,,,
Schaffnerstraße,06214,8421000,134,STR,,,
Schammental,06220,8421000,1568,STR,,,
Schanzgrubenweg,06227,8421000,766,STR,,,
Scharnhorststraße,06240,8421000,376,STR,,,
Schatzäcker,06243,8421000,1512,STR,,,
Schatzäckerweg,06245,8421000,1554,STR,,,
Scheffeltgasse,06253,8421000,352,STR,,,
Schelergasse,06266,8421000,7,STR,?,,
Schellenbühlweg,06273,8421000,1045,STR,,,
Schellingstraße,06279,8421000,403,STR,?,,
Schermarweg,06292,8421000,424,STR,,,
Schiffberg,06305,8421000,122,STR,,,
Schilfweg,06311,8421000,1355,STR,,,
Schillerstraße,06318,8421000,154,STR,m,,
Schillstraße,06331,8421000,381,STR,?,,
Schlatweg,06354,8421000,1344,STR,,,
Schlegelgasse,06357,8421000,21,STR,?,,
Schlehdornweg,06367,8421000,1175,STR,,,
Schlehenbühl,06370,8421000,552,STR,,,
Schleienweg,06380,8421000,1333,STR,,,
Schleifäcker,06387,8421000,1556,STR,,,
Schleifmühleweg,06396,8421000,898,STR,,,
Schleifweg,06400,8421000,1735,STR,,,
Schlesienweg,06409,8421000,539,STR,,,
Schlößlesgasse,06422,8421000,688,STR,,,
Schlossergasse,06435,8421000,692,STR,,,
Schloßstraße,06448,8421000,857,STR,,,
Schmahlweg,06461,8421000,448,STR,,,
Schmaler Weg,06474,8421000,558,STR,,,
Schmetterlingsgäßchen,06487,8421000,150,STR,,,
Schmiedackergasse,06500,8421000,622,STR,,,
Schmiedgasse,06513,8421000,355,STR,,,
Schmiedstraße,06522,8421000,1492,STR,,,
Schneckweg,06526,8421000,889,STR,,,
Schneeballweg,06535,8421000,1177,STR,,,
Schneewittchenweg,06539,8421000,579,STR,?,,
Schönenbergstraße,06550,8421000,1505,STR,,,
Schöner-Berg-Weg,06552,8421000,533,STR,,,
Schongauerweg,06558,8421000,786,STR,,,
Schubartstraße,06565,8421000,169,STR,,,
Schülinstraße,06578,8421000,211,STR,m,,
Schuhhausgasse,06591,8421000,22,STR,,,
Schultheißenstraße,06604,8421000,617,STR,,,
Schulweg,06607,8421000,1599,STR,,,
Schulze-Delitzsch-Weg,06615,8421000,928,STR,m,,
Schwabstraße,06617,8421000,183,STR,,,
Schwalbenweg,06630,8421000,647,STR,,,
Schwambergerstraße,06633,8421000,127,STR,,,
Schwarzenbergstraße,06636,8421000,119,STR,,,
Schweinmarkt,06643,8421000,30,STR,,,
Schwilmengasse,06656,8421000,41,STR,,,
Schwörhausgasse,06669,8421000,16,STR,,,
Scultetusweg,06673,8421000,825,STR,?,,
Sebaldweg,06675,8421000,1627,STR,,,
Sebastian-Fischer-Weg,06682,8421000,397,STR,m,,
Sebastian-Kneipp-Weg,06685,8421000,718,STR,m,,
Sedanstraße,06695,8421000,364,STR,,,
Sedelhofgasse,06708,8421000,54,STR,,,
Seelengraben,06721,8421000,106,STR,,,
Seflerweg,06747,8421000,813,STR,,,
Seidelbastweg,06750,8421000,1176,STR,,,
Seidlheck,06752,8421000,1557,STR,,,
Seilergasse,06760,8421000,702,STR,,,
Selbertstraße,06763,8421000,611,STR,w,"<strong>Elisabeth Selbert</strong>, 1896–1986, Politikerin und Juristin. Eine der „Mütter des Grundgesetzes“, der die Aufnahme der expliziten Gleichberechtigung von Mann und Frau mit zu verdanken ist.",https://de.wikipedia.org/wiki/Elisabeth_Selbert
Senderweg,06766,8421000,1432,STR,,,
Seutterweg,06773,8421000,415,STR,?,,
Seydlitzstraße,06786,8421000,375,STR,m,,
Siegwartstraße,06792,8421000,1393,STR,,,
Siemensstraße,06799,8421000,602,STR,m?,,
Silcherweg,06812,8421000,200,STR,,,
Silvanerweg,06818,8421000,557,STR,,,
Söflinger Straße,06825,8421000,346,STR,,,
Söflinger Weinberge,06828,8421000,708,STR,,,
Soldatenstraße,06838,8421000,360,STR,,,
Sommerhalde,06845,8421000,1234,STR,,,
Sonnenhalde,06851,8421000,330,STR,,,
Sonnenrain,06852,8421000,1336,STR,,,
Sonnenstraße,06864,8421000,806,STR,,,
Sonnenweg,06867,8421000,1572,STR,,,
Spatzengässle,06877,8421000,547,STR,,,
Spechtweg,06890,8421000,887,STR,,,
Speidelweg,06903,8421000,436,STR,,,
Spichernweg,06916,8421000,439,STR,,,
Spielmannsgasse,06929,8421000,389,STR,,,
Spitalweg,06935,8421000,1245,STR,,,
Sporerstraße,06942,8421000,860,STR,,,
Stachelbeerweg,06955,8421000,721,STR,,,
Stadionstraße,06968,8421000,233,STR,,,
Stäudlenweg,06975,8421000,519,STR,,,
Starengasse,06981,8421000,398,STR,,,
Staudingerstraße,06987,8421000,311,STR,,,
Staufenring,06994,8421000,216,STR,,,
Stauffenbergstraße,07007,8421000,263,STR,m,,
St.-Barbara-Straße,07009,8421000,409,STR,w,<strong>Heilige Barbara</strong> um 235 u.Z.,https://de.wikipedia.org/wiki/Barbara_von_Nikomedien
St.-Cyriak-Straße,07010,8421000,1052,STR,m,,
Steigackerstraße,07012,8421000,1238,STR,,,
Steighof,07014,8421000,1197,STR,,,
Steinäckerstraße,07017,8421000,1211,STR,,,
Steinbeisstraße,07020,8421000,603,STR,m,,
Steinbruchweg,07023,8421000,1567,STR,,,
Steinfeldstraße,07030,8421000,1084,STR,,,
Steingasse,07033,8421000,102,STR,,,
Steinhövelstraße,07046,8421000,246,STR,m,,
Stelzenäcker,07052,8421000,1664,STR,,,
Stephanstraße,07059,8421000,384,STR,m?,,
Stergweg,07072,8421000,959,STR,,,
Sterngasse,07085,8421000,70,STR,,,
Sterntalerweg,07090,8421000,805,STR,,,
Steubenweg,07098,8421000,411,STR,m,,
St.-Florian-Weg,07102,8421000,1021,STR,m,,
St.-Gallener-Straße,07106,8421000,961,STR,,,
Stiefenhoferweg,07111,8421000,894,STR,,,
Stifterweg,07124,8421000,562,STR,,,
St.-Jakob-Straße,07128,8421000,754,STR,m,,
St.-Johann-Straße,07129,8421000,1150,STR,m,,
St.-Leonhard-Straße,07130,8421000,798,STR,m,,
Stockachstraße,07132,8421000,1160,STR,,,
Stöcklenstraße,07134,8421000,1488,STR,,,
Störrengasse,07137,8421000,1691,STR,,,
Straßburgweg,07150,8421000,391,STR,,,
Straubstraße,07155,8421000,1490,STR,,,
Strölinweg,07163,8421000,418,STR,,,
Stuifenweg,07176,8421000,510,STR,,,
Stuttgarter Straße,07189,8421000,195,STR,,,
Sudetenweg,07198,8421000,537,STR,,,
Südblick,07202,8421000,199,STR,,,
Sulzbachweg,07215,8421000,571,STR,,,
Susoweg,07241,8421000,408,STR,?,,
Syrlinstraße,07267,8421000,138,STR,,,
Taläckerweg,07280,8421000,767,STR,,,
Talfinger Straße,07293,8421000,220,STR,,,
Talfinger Uferstraße,07306,8421000,239,STR,,,
Talstraße,07312,8421000,1607,STR,,,
Tannenäcker,07319,8421000,950,STR,,,
Tannenweg,07320,8421000,1637,STR,,,
Taubriedstraße,07321,8421000,1219,STR,,,
Theatergasse,07332,8421000,59,STR,,,
Theodor-Pfizer-Platz,07335,8421000,1754,STR,m,,
Thomas-Dehler-Weg,07340,8421000,502,STR,m,,
Thränstraße,07345,8421000,382,STR,m?,,
Thüringenweg,07358,8421000,535,STR,,,
Thymianweg,07360,8421000,1212,STR,,,
Tobelstraße,07364,8421000,1489,STR,?,,
Tobelweg,07366,8421000,1598,STR,,,
Tokajerweg,07369,8421000,826,STR,,,
Torstraße,07371,8421000,682,STR,,,
Traminerweg,07384,8421000,560,STR,,,
Traubengasse,07397,8421000,697,STR,,,
Trollingerweg,07410,8421000,561,STR,,,
Trommlergasse,07423,8421000,368,STR,,,
Trompetergasse,07436,8421000,372,STR,,,
Turritellenstraße,07442,8421000,1227,STR,,,
Turmgasse,07449,8421000,113,STR,,,
Uhlandstraße,07462,8421000,380,STR,?,,
Uhlandweg,07463,8421000,1466,STR,?,,
Uhrenmachergasse,07475,8421000,690,STR,,,
Ulanenweg,07488,8421000,390,STR,,,
Ulmergasse,07501,8421000,72,STR,,,
Ulmer Steige,07512,8421000,1569,STR,,,
Ulmer Straße,07514,8421000,896,STR,,,
Ulmer Weg,07519,8421000,1060,STR,,,
Ulrichstraße,07527,8421000,425,STR,,,
Unter den Apfelbäumen,07540,8421000,574,STR,,,
Unter der Metzig,07553,8421000,14,STR,,,
Unterer Brühl,07572,8421000,1371,STR,,,
Unterer Kuhberg,07579,8421000,432,STR,,,
Unterhaslach,07588,8421000,1475,STR,,,
Unterkirchberger Straße,07592,8421000,868,STR,,,
Unterweilerstraße,07605,8421000,910,STR,,,
Unterer Hasenkopfweg,07608,8421000,312,STR,,,
Urbanweg,07612,8421000,1786,STR,,,
Valckenburgufer,07618,8421000,128,STR,,,
Vaterunsergasse,07631,8421000,35,STR,,,
Veitsbrunnenweg,07644,8421000,189,STR,,,
Veltlinerweg,07648,8421000,824,STR,,,
Vestgasse,07657,8421000,39,STR,,,
Virchowstraße,07664,8421000,610,STR,?,,
Völklingenweg,07670,8421000,582,STR,,,
Vogelbergstraße,07679,8421000,1168,STR,,,
Voithstraße,07683,8421000,604,STR,,,
Von-Hünefeld-Weg,07688,8421000,1742,STR,?,,
Vor dem Gehrn,07692,8421000,1692,STR,,,
Vordere Feldstraße,07696,8421000,865,STR,,,
Wacholderbühl,07709,8421000,554,STR,,,
Wagnerstraße,07722,8421000,365,STR,m,,
Waidstraße,07735,8421000,781,STR,,,
Waldhornweg,07748,8421000,573,STR,,,
Waldstraße,07752,8421000,1229,STR,,,
Walfischgasse,07761,8421000,50,STR,,,
Wallerstraße,07778,8421000,1338,STR,,,
Walserweg,07787,8421000,814,STR,m,,
Wangener Straße,07792,8421000,963,STR,,,
Warndtstraße,07800,8421000,440,STR,,,
Wasenweg,07806,8421000,1154,STR,,,
Wasserburger Straße,07810,8421000,971,STR,,,
Webergasse,07813,8421000,80,STR,,,
Weckmannweg,07821,8421000,1102,STR,m,,
Weickmannstraße,07826,8421000,399,STR,m,,
Weidachweg,07828,8421000,833,STR,,,
Weidenweg,07830,8421000,1235,STR,,,
Weidlinshofer Sträßchen,07835,8421000,1782,STR,,,
Weidlinshofer Weg,07836,8421000,979,STR,,,
Weihgasse,07839,8421000,689,STR,,,
Weihungstraße,07852,8421000,879,STR,,,
Weinbergweg,07865,8421000,323,STR,,,
Weinhof,07878,8421000,17,STR,,,
Weinhofberg,07891,8421000,34,STR,,,
Weinsteige,07904,8421000,186,STR,,,
Weißdornweg,07910,8421000,1172,STR,,,
Weißenburgweg,07917,8421000,392,STR,,,
Welserweg,07930,8421000,414,STR,,,
Wendelinusweg,07935,8421000,1302,STR,m,,
Wengengasse,07943,8421000,49,STR,,,
Wengenholzweg,07947,8421000,1495,STR,,,
Werastraße,07956,8421000,194,STR,w,"<strong>Wera Konstantinowa Romanowna</strong>, 1854–1912, Großfürstin von Russland, Herzogin von Württemberg",https://de.wikipedia.org/wiki/Wera_Konstantinowna_Romanowa_(1854%E2%80%931912)
Werdenbergweg,07969,8421000,227,STR,,,
Wernauer Weg,07973,8421000,1146,STR,,,
Wertle,07976,8421000,1348,STR,,,
Westerlinger Straße,07982,8421000,396,STR,,,
Westplatz,08008,8421000,1693,STR,,,
Wettersteinweg,08021,8421000,198,STR,,,
Weyermannweg,08034,8421000,400,STR,m,,
Wiblinger Allee,08042,8421000,464,STR,,,
Wiblinger Ring,08043,8421000,924,STR,,,
Wichernstraße,08045,8421000,126,STR,m,,
Wiedemannweg,08047,8421000,883,STR,m,,
Wielandstraße,08060,8421000,218,STR,,,
Wiesental,08062,8421000,1282,STR,,,
Wiesentalweg,08064,8421000,1236,STR,,,
Wiesenweg,08065,8421000,1570,STR,,,
Wildstraße,08073,8421000,147,STR,,,
Wilhelmsburg,08099,8421000,1694,STR,,,
Wilhelmstraße,08112,8421000,188,STR,,,
Wilhelm-Geyer-Weg,08115,8421000,328,STR,m,,
Wilhelm-Leuschner-Straße,08118,8421000,522,STR,m,,
Wilhelm-Luib-Weg,08119,8421000,1737,STR,m,,
Wilhelm-Runge-Straße,08121,8421000,587,STR,m,,
Willy-Brandt-Platz,08122,8421000,1695,STR,m,,
Willi-Eckstein-Weg,08123,8421000,1801,STR,m,,
Winklerstraße,08125,8421000,223,STR,?,,
Wislinger Straße,08133,8421000,1061,STR,,,
Wörthstraße,08138,8421000,371,STR,m,,
Wolbachweg,08151,8421000,387,STR,,,
Wolfäckerweg,08156,8421000,968,STR,,,
Wolfgang-Paul-Straße,08157,8421000,1821,STR,m,,
Wollgrasweg,08159,8421000,1048,STR,,,
Wüstenroter Weg,08164,8421000,785,STR,,,
Yorckstraße,08177,8421000,356,STR,m,,
Zanderstraße,08179,8421000,1330,STR,,,
Zehntstadelweg,08186,8421000,1301,STR,,,
Zeitbeerenweg,08190,8421000,720,STR,,,
Zeitblomstraße,08203,8421000,133,STR,?,,
Zeppelinstraße,08216,8421000,172,STR,m,,
Zeughausgasse,08229,8421000,111,STR,,,
Ziegelgasse,08242,8421000,394,STR,,,
Ziegelhütte,08245,8421000,918,STR,,,
Ziegelländeweg,08255,8421000,152,STR,,,
Ziegelweiler,08265,8421000,1462,STR,,,
Zinglerstraße,08268,8421000,151,STR,,,
Zollernring,08281,8421000,500,STR,,,
Zum Brühl,08283,8421000,1752,STR,,,
Zum Dornhäule,08285,8421000,1020,STR,,,
Zwerggasse,08288,8421000,1366,STR,,,
Zwischen den Wegen,08294,8421000,653,STR,,,
Aispe,Y0001,8421000,1288,GEWANN,,,
Alter Ulmer Weg,Y0002,8421000,1353,GEWANN,,,
Altental,Y0003,8421000,1249,GEWANN,,,
Am breiten Weg,Y0004,8421000,1271,GEWANN,,,
An der Steig,Y0005,8421000,769,GEWANN,,,
Aufenthau,Y0006,8421000,1696,GEWANN,,,
Beckenholz,Y0007,8421000,1697,GEWANN,,,
Berghölzle,Y0008,8421000,1284,GEWANN,,,
Birkenreis,Y0009,8421000,1276,GEWANN,,,
Braige,Y0010,8421000,1237,GEWANN,,,
Brühl,Y0011,8421000,1042,GEWANN,,,
Buchhau,Y0012,8421000,1698,GEWANN,,,
Bühl,Y0013,8421000,994,GEWANN,,,
Bühlhau,Y0014,8421000,1259,GEWANN,,,
Dauser,Y0015,8421000,1274,GEWANN,,,
Deutschhau,Y0016,8421000,1268,GEWANN,,,
Dickinger Feld,Y0017,8421000,1070,GEWANN,,,
Dornäcker,Y0018,8421000,1253,GEWANN,,,
Geißberg,Y0019,8421000,1258,GEWANN,,,
Geißhalde,Y0020,8421000,1257,GEWANN,,,
Gemeindeholz,Y0021,8421000,1263,GEWANN,,,
Genterslau,Y0022,8421000,1273,GEWANN,,,
Grabenäcker,Y0023,8421000,1294,GEWANN,,,
Greut,Y0024,8421000,674,GEWANN,,,
Hagbrunnen,Y0025,8421000,672,GEWANN,,,
Hau,Y0026,8421000,1293,GEWANN,,,
Heide,Y0027,8421000,1280,GEWANN,,,
Heidehölzle,Y0028,8421000,1279,GEWANN,,,
Heideshalde,Y0029,8421000,1142,GEWANN,,,
Hinterm Bühl,Y0030,8421000,1198,GEWANN,,,
Hochgesträß,Y0031,8421000,670,GEWANN,,,
Hohe Wiese,Y0032,8421000,1252,GEWANN,,,
Holderäcker,Y0033,8421000,1289,GEWANN,,,
Holderwiese,Y0034,8421000,1287,GEWANN,,,
Ilpertshau,Y0035,8421000,1277,GEWANN,,,
In der Wanne,Y0036,8421000,845,GEWANN,,,
Kuttlersholz,Y0037,8421000,1272,GEWANN,,,
Laile,Y0038,8421000,1275,GEWANN,,,
Lange Wiese,Y0039,8421000,1292,GEWANN,,,
Lixäcker,Y0040,8421000,1246,GEWANN,,,
Mönchshalde,Y0041,8421000,1108,GEWANN,,,
Oberes Ried,Y0042,8421000,1141,GEWANN,,,
Öschle,Y0043,8421000,851,GEWANN,,,
Raite,Y0044,8421000,739,GEWANN,,,
Rechenmachershölzle,Y0045,8421000,1261,GEWANN,,,
Reute,Y0046,8421000,1095,GEWANN,,,
Reuteberg,Y0047,8421000,1230,GEWANN,,,
Ried,Y0048,8421000,1254,GEWANN,,,
Riedlen,Y0049,8421000,1009,GEWANN,,,
Schanzberghölzle,Y0050,8421000,1699,GEWANN,,,
Schäufelau,Y0051,8421000,1199,GEWANN,,,
Schelmengrube,Y0052,8421000,1248,GEWANN,,,
Scherershalde,Y0053,8421000,1269,GEWANN,,,
Schmidshölzle,Y0054,8421000,1262,GEWANN,,,
Singengrund,Y0055,8421000,1256,GEWANN,,,
Spitalwald,Y0056,8421000,1700,GEWANN,,,
Steinge,Y0057,8421000,668,GEWANN,,,
Steinriegel,Y0058,8421000,1291,GEWANN,,,
Stockert,Y0059,8421000,1255,GEWANN,,,
Streckhölzle,Y0060,8421000,1260,GEWANN,,,
Tälenwald,Y0061,8421000,1281,GEWANN,,,
Unteres Ried,Y0062,8421000,1267,GEWANN,,,
Wiesental,Y0063,8421000,792,GEWANN,,,
Zehn Jauchert,Y0064,8421000,1251,GEWANN,,,
Raiteweg,Y0065,8421000,1247,GEWANN,,,
Nach Markbronn,Y0066,8421000,1701,GEWANN,,,
Römerstraße,Y0067,8421000,1283,GEWANN,,,
Nach Ulm,Y0068,8421000,1250,GEWANN,,,
Nach Eggingen,Y0069,8421000,1265,GEWANN,,,
Nach Arnegg,Y0070,8421000,1069,GEWANN,,,
Nach Allewind,Y0071,8421000,1290,GEWANN,,,
Einsinger Weg,Y0072,8421000,1089,GEWANN,,,
Nach Grimmelfingen,Y0073,8421000,1285,GEWANN,,,
Nach Einsingen,Y0074,8421000,1092,GEWANN,,,
Aspenhäule,Y0075,8421000,1644,GEWANN,,,
Beim Bildsäule,Y0076,8421000,1652,GEWANN,,,
Bifang,Y0077,8421000,1617,GEWANN,,,
Breite,Y0078,8421000,799,GEWANN,,,
Brühläcker,Y0079,8421000,1615,GEWANN,,,
Brühlwiesen,Y0080,8421000,1614,GEWANN,,,
Brunnenghau,Y0081,8421000,1650,GEWANN,,,
Fischbach,Y0082,8421000,1655,GEWANN,,,
Fünfzehnpfennigholz,Y0083,8421000,1702,GEWANN,,,
Gipsäcker,Y0084,8421000,1631,GEWANN,,,
Gögglinger Wegäcker,Y0085,8421000,1635,GEWANN,,,
Hagenbreite,Y0086,8421000,1642,GEWANN,,,
Hartäcker,Y0087,8421000,1632,GEWANN,,,
Hiemerenwiesen,Y0088,8421000,1647,GEWANN,,,
Howiese,Y0089,8421000,1616,GEWANN,,,
Hungerbühläcker,Y0090,8421000,1322,GEWANN,,,
Jungmahd,Y0091,8421000,1643,GEWANN,,,
Lochäcker,Y0092,8421000,930,GEWANN,,,
Mittelacker,Y0093,8421000,1658,GEWANN,,,
Nach Fischbach,Y0094,8421000,1657,GEWANN,,,
Oberer Garten,Y0095,8421000,1703,GEWANN,,,
Randäcker,Y0096,8421000,1633,GEWANN,,,
Salen,Y0097,8421000,667,GEWANN,,,
Saun,Y0098,8421000,1649,GEWANN,,,
Schleifwegäcker,Y0099,8421000,1634,GEWANN,,,
Schlößlesgarten,Y0100,8421000,1621,GEWANN,,,
Steige,Y0101,8421000,1073,GEWANN,,,
Stellhau,Y0102,8421000,1704,GEWANN,,,
Unterer Garten,Y0103,8421000,1705,GEWANN,,,
Unterer Wieding,Y0104,8421000,1706,GEWANN,,,
Weiher,Y0105,8421000,1707,GEWANN,,,
Weiheräcker,Y0106,8421000,1648,GEWANN,,,
Wengenwiesen,Y0107,8421000,1653,GEWANN,,,
Wolfäcker,Y0108,8421000,1636,GEWANN,,,
Nach Donaustetten,Y0109,8421000,1630,GEWANN,,,
Nach Unterkirchberg,Y0110,8421000,1654,GEWANN,,,
Nach Altheim,Y0111,8421000,1645,GEWANN,,,
Nach Wiblingen,Y0112,8421000,1659,GEWANN,,,
Am Wiblinger Weg,Y0113,8421000,1708,GEWANN,,,
An der Dellmensinger Straße,Y0114,8421000,1001,GEWANN,,,
An der Donau,Y0115,8421000,986,GEWANN,,,
Auffahrtweide,Y0116,8421000,992,GEWANN,,,
Bei der großen Eiche,Y0117,8421000,1033,GEWANN,,,
Bei der Hasenlache,Y0118,8421000,1013,GEWANN,,,
Beim Brückle,Y0119,8421000,1007,GEWANN,,,
Beim grasigen Weg,Y0120,8421000,1016,GEWANN,,,
Beim Kraftwerk,Y0122,8421000,998,GEWANN,,,
Berg,Y0123,8421000,631,GEWANN,,,
Birklen,Y0124,8421000,995,GEWANN,,,
Brünnele,Y0125,8421000,1037,GEWANN,,,
Donau,Y0126,8421000,609,GEWANN,,,
Hinter der Donau,Y0127,8421000,1709,GEWANN,,,
Dornhäule,Y0128,8421000,1038,GEWANN,,,
Eichhau,Y0129,8421000,1026,GEWANN,,,
Eichholzteile,Y0130,8421000,1030,GEWANN,,,
Fuchslöcher,Y0131,8421000,1018,GEWANN,,,
Fuchswiesen,Y0132,8421000,1034,GEWANN,,,
Greutwiesen,Y0133,8421000,1005,GEWANN,,,
Götzenhalde,Y0134,8421000,988,GEWANN,,,
Kugelgäßle,Y0135,8421000,1710,GEWANN,,,
Haslach,Y0136,8421000,1012,GEWANN,,,
Haslachweg,Y0137,8421000,1019,GEWANN,,,
Haufenäcker,Y0138,8421000,1025,GEWANN,,,
Haustättlen,Y0139,8421000,1027,GEWANN,,,
Häule,Y0140,8421000,1029,GEWANN,,,
Hinter den Gärten,Y0141,8421000,629,GEWANN,,,
Hirschhalde,Y0142,8421000,985,GEWANN,,,
Humlanger Weg,Y0143,8421000,977,GEWANN,,,
Krautgartenweg,Y0145,8421000,1313,GEWANN,,,
Insel,Y0146,8421000,942,GEWANN,,,
Käppeles Feld,Y0147,8421000,1044,GEWANN,,,
Katzenreis,Y0148,8421000,1015,GEWANN,,,
Kurzes Feldle,Y0149,8421000,1040,GEWANN,,,
Langes Feldle,Y0150,8421000,1043,GEWANN,,,
Links der Donau,Y0151,8421000,984,GEWANN,,,
Missenhau,Y0152,8421000,1003,GEWANN,,,
Missenweiher,Y0153,8421000,997,GEWANN,,,
Missenweihergraben,Y0154,8421000,1036,GEWANN,,,
Mühlweg,Y0155,8421000,999,GEWANN,,,
Oberer Rübacker,Y0156,8421000,1711,GEWANN,,,
Osterbergholz,Y0157,8421000,1017,GEWANN,,,
Rechts der Donau,Y0158,8421000,433,GEWANN,,,
Riedlenäcker,Y0159,8421000,1010,GEWANN,,,
Riedstöcke,Y0160,8421000,1000,GEWANN,,,
Schafäcker,Y0161,8421000,1031,GEWANN,,,
Schellenbühl,Y0162,8421000,1035,GEWANN,,,
Schleifweg,Y0163,8421000,1004,GEWANN,,,
Siechenwiese,Y0164,8421000,1024,GEWANN,,,
Tanzau,Y0165,8421000,993,GEWANN,,,
Unterer Rübacker,Y0166,8421000,1041,GEWANN,,,
Wasenstich,Y0167,8421000,996,GEWANN,,,
Weidlinshofer Holz,Y0168,8421000,1032,GEWANN,,,
Weidlinshofer Sträßchen,Y0169,8421000,1039,GEWANN,,,
Wöher,Y0170,8421000,974,GEWANN,,,
Wuhrenäcker,Y0171,8421000,1002,GEWANN,,,
Kiesweg,Y0172,8421000,1008,GEWANN,,,
Zw. d. Wibl. u. Göggl. Weg,Y0173,8421000,1023,GEWANN,,,
Nach Erbach,Y0174,8421000,990,GEWANN,,,
Nach Stetten,Y0175,8421000,1712,GEWANN,,,
Nach Humlangen,Y0176,8421000,1028,GEWANN,,,
Ulm/Friedrichshafen,Y0177,8421000,899,GEWANN,,,
Kirchhalde,Y0178,8421000,1350,GEWANN,,,
Kirchenwinkel,Y0179,8421000,1352,GEWANN,,,
Lerchenweg,Y0180,8421000,1713,GEWANN,,,
Oberer Weg,Y0181,8421000,1325,GEWANN,,,
Oberer Lichsenweg,Y0182,8421000,1354,GEWANN,,,
Sommers Gäßle,Y0183,8421000,1714,GEWANN,,,
Unterer Lichsenweg,Y0184,8421000,1347,GEWANN,,,
Bruckäcker,Y0185,8421000,1311,GEWANN,,,
Krautgartenäcker,Y0186,8421000,1312,GEWANN,,,
Herrenwert,Y0187,8421000,1314,GEWANN,,,
Naßgeländ,Y0188,8421000,1315,GEWANN,,,
Am Kirchberger Weg,Y0189,8421000,1316,GEWANN,,,
Greut und Wolfäcker,Y0190,8421000,1317,GEWANN,,,
Gänslesbeundäcker,Y0191,8421000,1318,GEWANN,,,
Brandäcker,Y0192,8421000,1319,GEWANN,,,
Grund- und Fuchsäcker,Y0193,8421000,1320,GEWANN,,,
Körner- und Fuchsäcker,Y0194,8421000,1321,GEWANN,,,
Beim Haslachkreuz,Y0195,8421000,1323,GEWANN,,,
Am oberen Weg,Y0196,8421000,1324,GEWANN,,,
Schlatäcker,Y0197,8421000,1326,GEWANN,,,
Bergäcker,Y0198,8421000,1327,GEWANN,,,
Mittelwegäcker,Y0199,8421000,1328,GEWANN,,,
Hoher Rain,Y0200,8421000,1335,GEWANN,,,
Halde,Y0201,8421000,1342,GEWANN,,,
Schwarzes Eck,Y0202,8421000,1346,GEWANN,,,
Taubes Ried,Y0203,8421000,512,GEWANN,,,
Obere Lichsen,Y0204,8421000,598,GEWANN,,,
Bruckmahd,Y0205,8421000,1349,GEWANN,,,
Oberer Brühl,Y0206,8421000,1362,GEWANN,,,
Fischerwert,Y0207,8421000,1351,GEWANN,,,
Haslacher Steig,Y0208,8421000,1376,GEWANN,,,
Zeitlett,Y0209,8421000,1380,GEWANN,,,
Krumme Halde,Y0210,8421000,1375,GEWANN,,,
Gemeindeäcker,Y0211,8421000,1377,GEWANN,,,
Ochsenäcker,Y0212,8421000,1397,GEWANN,,,
Hagfeld,Y0213,8421000,1399,GEWANN,,,
Stötzinger,Y0214,8421000,1400,GEWANN,,,
Vor dem Gehrn,Y0215,8421000,1401,GEWANN,,,
Gehrngasse,Y0216,8421000,1402,GEWANN,,,
Beim Gehrn,Y0217,8421000,1403,GEWANN,,,
Hinter dem Gehrn,Y0218,8421000,1405,GEWANN,,,
Beim Buckenhof,Y0219,8421000,1406,GEWANN,,,
Großer Gehrn,Y0220,8421000,1407,GEWANN,,,
Hölle,Y0221,8421000,1408,GEWANN,,,
Hagener Tal,Y0222,8421000,1409,GEWANN,,,
Himmelreich,Y0223,8421000,1410,GEWANN,,,
Stadellache,Y0224,8421000,1411,GEWANN,,,
Höhe,Y0225,8421000,1412,GEWANN,,,
Füssleshau,Y0226,8421000,1413,GEWANN,,,
Kaltenfeld,Y0227,8421000,1414,GEWANN,,,
Beim Füssleshauer Weg,Y0228,8421000,1415,GEWANN,,,
Füsslesweg,Y0229,8421000,1416,GEWANN,,,
Nach Beimerstetten,Y0230,8421000,1417,GEWANN,,,
Füssleshauer Weg,Y0231,8421000,1418,GEWANN,,,
Beimerstetter Weg,Y0232,8421000,1419,GEWANN,,,
Hasenäcker,Y0233,8421000,1420,GEWANN,,,
Mergelgrube,Y0234,8421000,1421,GEWANN,,,
Stocket,Y0235,8421000,1422,GEWANN,,,
Pfannenstiel,Y0236,8421000,1424,GEWANN,,,
Hungerberg,Y0237,8421000,1433,GEWANN,,,
Lindenäcker,Y0238,8421000,1434,GEWANN,,,
Zwirne,Y0239,8421000,1428,GEWANN,,,
Nebel,Y0240,8421000,1430,GEWANN,,,
Wiege,Y0241,8421000,1437,GEWANN,,,
Franzenhauser,Y0242,8421000,1438,GEWANN,,,
Beim Lindle,Y0243,8421000,1441,GEWANN,,,
Riegeläcker,Y0244,8421000,1442,GEWANN,,,
Hart,Y0245,8421000,911,GEWANN,,,
Mergeläcker,Y0246,8421000,1445,GEWANN,,,
Hinter dem Dorf,Y0247,8421000,1098,GEWANN,,,
Krautländer,Y0248,8421000,1444,GEWANN,,,
Unter dem Hart,Y0249,8421000,1446,GEWANN,,,
Auf dem Hart,Y0250,8421000,1447,GEWANN,,,
Herdergass,Y0251,8421000,1448,GEWANN,,,
An der Herdergass,Y0252,8421000,1449,GEWANN,,,
Alte Hansen,Y0253,8421000,1450,GEWANN,,,
Hauäcker,Y0254,8421000,1451,GEWANN,,,
Örlinger Steig,Y0255,8421000,1452,GEWANN,,,
Loser,Y0256,8421000,274,GEWANN,,,
Schmalzhafen,Y0257,8421000,1453,GEWANN,,,
Katzental,Y0258,8421000,483,GEWANN,,,
Badsteig,Y0259,8421000,1454,GEWANN,,,
Steinhäusle,Y0260,8421000,1455,GEWANN,,,
Fliegenbäumle,Y0261,8421000,1456,GEWANN,,,
Kleiner Gehrn,Y0262,8421000,1457,GEWANN,,,
Am kleinen Gehrn,Y0263,8421000,1458,GEWANN,,,
Schelmen,Y0264,8421000,1459,GEWANN,,,
Hinter dem kleinen Gehrn,Y0265,8421000,1461,GEWANN,,,
Stuttgart/München,Y0266,8421000,1463,GEWANN,,,
Oberer Jauchert,Y0267,8421000,1467,GEWANN,,,
Oberes Feld,Y0268,8421000,1468,GEWANN,,,
Burren,Y0269,8421000,1469,GEWANN,,,
Am Burren,Y0270,8421000,1470,GEWANN,,,
Vor dem Hof,Y0271,8421000,1472,GEWANN,,,
Nach Witthau,Y0272,8421000,1473,GEWANN,,,
Unteres Feld,Y0273,8421000,1474,GEWANN,,,
Lehle,Y0274,8421000,265,GEWANN,,,
Stäudlen,Y0275,8421000,1476,GEWANN,,,
Lange Gewände,Y0276,8421000,1477,GEWANN,,,
Schöner Berg,Y0277,8421000,264,GEWANN,,,
Letten,Y0278,8421000,1478,GEWANN,,,
Lehenäcker,Y0279,8421000,1715,GEWANN,,,
Langenauer Weg,Y0280,8421000,1479,GEWANN,,,
Staudenhäule,Y0281,8421000,1481,GEWANN,,,
Gehrn,Y0282,8421000,625,GEWANN,,,
Greutäcker,Y0283,8421000,1482,GEWANN,,,
Hörderäcker,Y0284,8421000,1483,GEWANN,,,
Ulm/Heidenheim,Y0285,8421000,1485,GEWANN,,,
Hinter der Schmiede,Y0286,8421000,1494,GEWANN,,,
Am Söflinger Weg,Y0287,8421000,1496,GEWANN,,,
Beim Wengenholz,Y0288,8421000,1497,GEWANN,,,
Wengenholz,Y0289,8421000,1498,GEWANN,,,
Söflinger Weg,Y0290,8421000,1499,GEWANN,,,
Kaltes Feld,Y0291,8421000,1500,GEWANN,,,
Holzgart,Y0292,8421000,1501,GEWANN,,,
Nach Lehr,Y0293,8421000,301,GEWANN,,,
Am Reschweg,Y0294,8421000,1503,GEWANN,,,
Birkenlauh,Y0295,8421000,1504,GEWANN,,,
Schatzäcker,Y0296,8421000,1506,GEWANN,,,
Dappenau,Y0297,8421000,1507,GEWANN,,,
Gerugleter Berg,Y0298,8421000,1508,GEWANN,,,
Rappenbadstraße,Y0299,8421000,1509,GEWANN,,,
Geruglet,Y0300,8421000,1511,GEWANN,,,
Lehrer Steig,Y0301,8421000,1514,GEWANN,,,
Öfelen,Y0302,8421000,1515,GEWANN,,,
Temmenhauser Weg,Y0303,8421000,1517,GEWANN,,,
Kugelberg,Y0304,8421000,288,GEWANN,,,
Lerchenfeld,Y0305,8421000,1518,GEWANN,,,
Nach Dornstadt,Y0306,8421000,1519,GEWANN,,,
An der Autobahn,Y0307,8421000,1520,GEWANN,,,
Stelzenäcker,Y0308,8421000,1734,GEWANN,,,
Am langen Buckel,Y0309,8421000,1522,GEWANN,,,
Am Heuweg,Y0310,8421000,1523,GEWANN,,,
Im Tal,Y0311,8421000,496,GEWANN,,,
Nordtangente,Y0312,8421000,1524,GEWANN,,,
Dullisbrunnenweg,Y0313,8421000,1525,GEWANN,,,
Beim Dullisbrunnen,Y0314,8421000,1526,GEWANN,,,
Vorderer Brunnen,Y0315,8421000,1528,GEWANN,,,
Vorderer Berg,Y0316,8421000,1529,GEWANN,,,
Soldatenweg,Y0317,8421000,1530,GEWANN,,,
Untere Schleifäcker,Y0318,8421000,1535,GEWANN,,,
Höllhaf,Y0319,8421000,1548,GEWANN,,,
Brunnensteig,Y0320,8421000,1549,GEWANN,,,
Beim Rückhaltebecken,Y0321,8421000,1551,GEWANN,,,
Rückhaltebecken,Y0322,8421000,1552,GEWANN,,,
Elchinger Weg,Y0323,8421000,1716,GEWANN,,,
Haldenäcker,Y0324,8421000,290,GEWANN,,,
Hörvelsinger Weg,Y0325,8421000,1379,GEWANN,,,
Mähringer Weg,Y0326,8421000,1426,GEWANN,,,
Ulmer Weg,Y0327,8421000,1436,GEWANN,,,
Nach Jungingen,Y0328,8421000,1717,GEWANN,,,
Ulm/Geislingen,Y0329,8421000,294,GEWANN,,,
Lauh,Y0330,8421000,1131,GEWANN,,,
Asang,Y0331,8421000,1125,GEWANN,,,
Vor dem Lauh,Y0332,8421000,1132,GEWANN,,,
Lippenwies,Y0333,8421000,1133,GEWANN,,,
Pfingstplätze,Y0334,8421000,1134,GEWANN,,,
Tannen,Y0335,8421000,1135,GEWANN,,,
Hinter dem Lauh,Y0336,8421000,1136,GEWANN,,,
Fürschwellen,Y0337,8421000,1137,GEWANN,,,
Schadenhau,Y0338,8421000,1138,GEWANN,,,
Salenhau,Y0339,8421000,1139,GEWANN,,,
Tiefes Ried,Y0340,8421000,1140,GEWANN,,,
Krautgärten,Y0341,8421000,743,GEWANN,,,
Oben im Dorf,Y0342,8421000,1050,GEWANN,,,
Schleiche,Y0343,8421000,1128,GEWANN,,,
Nach Ringingen,Y0344,8421000,1143,GEWANN,,,
Schleichhau,Y0345,8421000,1129,GEWANN,,,
Heiligenberg,Y0346,8421000,1126,GEWANN,,,
Mittelhart,Y0347,8421000,1118,GEWANN,,,
Erdbeerhecke,Y0348,8421000,1123,GEWANN,,,
Lippenöschle,Y0349,8421000,1120,GEWANN,,,
Ringinger Weg,Y0350,8421000,1096,GEWANN,,,
Gemeines Reis,Y0351,8421000,1117,GEWANN,,,
Zigeunerspitz,Y0352,8421000,1144,GEWANN,,,
Gaukler,Y0353,8421000,1090,GEWANN,,,
Käppelesberg,Y0354,8421000,1115,GEWANN,,,
Geschraien,Y0355,8421000,1099,GEWANN,,,
Bizäune,Y0356,8421000,1121,GEWANN,,,
Brändle,Y0357,8421000,1122,GEWANN,,,
Rubental,Y0358,8421000,1124,GEWANN,,,
Pfeifersreute,Y0359,8421000,1127,GEWANN,,,
Hinter dem Asang,Y0360,8421000,1130,GEWANN,,,
Hochsträß,Y0361,8421000,669,GEWANN,,,
Froschweide,Y0362,8421000,1106,GEWANN,,,
Bei den Krautgärten,Y0363,8421000,1109,GEWANN,,,
Lauhäcker,Y0364,8421000,1110,GEWANN,,,
Von der Bizäune bis zur Kirche,Y0365,8421000,1104,GEWANN,,,
Mitten im Dorf,Y0366,8421000,1058,GEWANN,,,
Nach Erstetten,Y0367,8421000,1111,GEWANN,,,
Wieslingen,Y0368,8421000,1067,GEWANN,,,
Riemen,Y0369,8421000,1068,GEWANN,,,
Totenweg,Y0370,8421000,817,GEWANN,,,
Nach Ermingen,Y0371,8421000,1071,GEWANN,,,
Hinter dem Kalköfele,Y0372,8421000,1072,GEWANN,,,
Rößenäcker,Y0373,8421000,1105,GEWANN,,,
Bosch-Stauden,Y0374,8421000,1075,GEWANN,,,
Tännelesburren,Y0375,8421000,1076,GEWANN,,,
Hummelsried,Y0376,8421000,1077,GEWANN,,,
Nadelbaumäcker,Y0377,8421000,1079,GEWANN,,,
Hummelsriedäcker,Y0378,8421000,1080,GEWANN,,,
Heiligenäcker,Y0379,8421000,1718,GEWANN,,,
Am Mühlweg,Y0380,8421000,1107,GEWANN,,,
Gleißelen,Y0381,8421000,1119,GEWANN,,,
Lindengraben,Y0382,8421000,1719,GEWANN,,,
Vorderes Stockach,Y0383,8421000,1159,GEWANN,,,
Rohrbrunnen,Y0384,8421000,1161,GEWANN,,,
Gemeindehau,Y0385,8421000,1178,GEWANN,,,
Steingrube,Y0386,8421000,1182,GEWANN,,,
Am Egginger Weg,Y0387,8421000,1183,GEWANN,,,
Am Erminger Weg,Y0388,8421000,1184,GEWANN,,,
Steigäcker,Y0389,8421000,1196,GEWANN,,,
Bei St. Johann,Y0390,8421000,1193,GEWANN,,,
Eschle,Y0391,8421000,303,GEWANN,,,
Am Lämmerweg,Y0392,8421000,1720,GEWANN,,,
Lichse,Y0393,8421000,479,GEWANN,,,
Siebte Teile,Y0394,8421000,478,GEWANN,,,
Sechste Teile,Y0395,8421000,1221,GEWANN,,,
Hinteres Stockach,Y0396,8421000,1222,GEWANN,,,
Stockwiesen,Y0397,8421000,1091,GEWANN,,,
Rötelbach,Y0398,8421000,477,GEWANN,,,
Lachenhau,Y0399,8421000,1202,GEWANN,,,
Bei der Reute,Y0400,8421000,1200,GEWANN,,,
Bonäcker,Y0401,8421000,1155,GEWANN,,,
Nach Gögglingen,Y0402,8421000,1223,GEWANN,,,
Hörnle,Y0403,8421000,673,GEWANN,,,
Hagäcker,Y0404,8421000,1210,GEWANN,,,
Flachsäcker,Y0405,8421000,1209,GEWANN,,,
Steinäcker,Y0406,8421000,1215,GEWANN,,,
Rauhe Wiesen,Y0407,8421000,675,GEWANN,,,
Zappler,Y0408,8421000,1156,GEWANN,,,
Vogelberg,Y0409,8421000,1157,GEWANN,,,
Stockachäcker,Y0410,8421000,1158,GEWANN,,,
Am Bahnhof,Y0411,8421000,1162,GEWANN,,,
Hohe Steige,Y0412,8421000,1163,GEWANN,,,
Wasserfall,Y0413,8421000,271,GEWANN,,,
Flohäcker,Y0414,8421000,1164,GEWANN,,,
Herrenweg,Y0415,8421000,1165,GEWANN,,,
Morgen,Y0416,8421000,1166,GEWANN,,,
Kreuzäcker,Y0417,8421000,1185,GEWANN,,,
Mittlere Breitenen,Y0418,8421000,1171,GEWANN,,,
Tüßenried,Y0419,8421000,1186,GEWANN,,,
Am Rötelbach,Y0420,8421000,1721,GEWANN,,,
Bürgele,Y0421,8421000,1191,GEWANN,,,
Vordere krumme Landen,Y0422,8421000,1189,GEWANN,,,
Erminger Wiesen,Y0423,8421000,1192,GEWANN,,,
Öhmdwiese,Y0424,8421000,1194,GEWANN,,,
Hintere krumme Landen,Y0425,8421000,1195,GEWANN,,,
Hinter dem Bauernhau,Y0426,8421000,1201,GEWANN,,,
Bauernhau,Y0427,8421000,1203,GEWANN,,,
Gehrnäcker,Y0428,8421000,1204,GEWANN,,,
Darrenäcker,Y0429,8421000,1205,GEWANN,,,
Pfeiferhau,Y0430,8421000,1206,GEWANN,,,
Hasenried,Y0431,8421000,1174,GEWANN,,,
Aspach,Y0432,8421000,1179,GEWANN,,,
Wasen,Y0433,8421000,1180,GEWANN,,,
Am Ringinger Weg,Y0434,8421000,1181,GEWANN,,,
Tobel,Y0435,8421000,1590,GEWANN,,,
Lange Egerten,Y0436,8421000,1602,GEWANN,,,
Sattenhag,Y0437,8421000,1603,GEWANN,,,
Merken,Y0438,8421000,1588,GEWANN,,,
Bollinger Weg,Y0439,8421000,1578,GEWANN,,,
In der Raisse,Y0440,8421000,1605,GEWANN,,,
Blattegert,Y0441,8421000,1606,GEWANN,,,
In den Steingräben,Y0442,8421000,1608,GEWANN,,,
Augstlet,Y0443,8421000,1609,GEWANN,,,
Vorderes Augstlet,Y0444,8421000,1610,GEWANN,,,
Augstletweg,Y0445,8421000,1611,GEWANN,,,
Eselsberg,Y0446,8421000,314,GEWANN,,,
Eichhalde,Y0447,8421000,1571,GEWANN,,,
Kirchenweg,Y0448,8421000,1722,GEWANN,,,
Mittelfeld,Y0449,8421000,1576,GEWANN,,,
Kümmerlesäcker,Y0450,8421000,1612,GEWANN,,,
Nach Bollingen,Y0451,8421000,1586,GEWANN,,,
Rappenbad,Y0452,8421000,1604,GEWANN,,,
Dürre Wiesen,Y0453,8421000,1566,GEWANN,,,
Bäumlesäcker,Y0454,8421000,1575,GEWANN,,,
Weidacher Steige,Y0455,8421000,1577,GEWANN,,,
Nach Blaustein,Y0456,8421000,1579,GEWANN,,,
Sandgrube,Y0457,8421000,1580,GEWANN,,,
Scheiterbäumle,Y0458,8421000,1581,GEWANN,,,
Herrlinger Weg,Y0459,8421000,1583,GEWANN,,,
Zaunholzäcker,Y0460,8421000,1584,GEWANN,,,
Zaunhalde,Y0461,8421000,1585,GEWANN,,,
Bartleshalde,Y0462,8421000,1587,GEWANN,,,
Häldele,Y0463,8421000,1589,GEWANN,,,
Pfahläcker,Y0464,8421000,1591,GEWANN,,,
Kreuzsteig,Y0465,8421000,1592,GEWANN,,,
Hinter der Kirche,Y0466,8421000,1593,GEWANN,,,
Lämmerberg,Y0467,8421000,1601,GEWANN,,,
Obere Wiesen,Y0468,8421000,661,GEWANN,,,
Straßenäcker,Y0469,8421000,658,GEWANN,,,
Aspen,Y0470,8421000,662,GEWANN,,,
Schmaler Steig,Y0471,8421000,663,GEWANN,,,
Buchenläuble,Y0472,8421000,664,GEWANN,,,
Schmiedäcker,Y0473,8421000,665,GEWANN,,,
Bohntal,Y0474,8421000,666,GEWANN,,,
Steinbruch,Y0475,8421000,671,GEWANN,,,
Hinter dem Berg,Y0476,8421000,632,GEWANN,,,
Schneideräcker,Y0477,8421000,633,GEWANN,,,
Auf dem Berg,Y0478,8421000,634,GEWANN,,,
Hirtenäcker,Y0479,8421000,635,GEWANN,,,
Laug,Y0480,8421000,638,GEWANN,,,
Wässerle,Y0481,8421000,639,GEWANN,,,
Morgenlauh,Y0482,8421000,640,GEWANN,,,
Weglanger,Y0483,8421000,643,GEWANN,,,
Bei der Linde,Y0484,8421000,644,GEWANN,,,
Hinter dem Erle,Y0485,8421000,646,GEWANN,,,
Grund,Y0486,8421000,648,GEWANN,,,
Lindenhöhe,Y0487,8421000,649,GEWANN,,,
Tiefer Brunnen,Y0488,8421000,651,GEWANN,,,
Donautal,Y0489,8421000,462,GEWANN,,,
Bei der Laug,Y0490,8421000,654,GEWANN,,,
Obere Reute,Y0491,8421000,657,GEWANN,,,
Untere Reute,Y0492,8421000,659,GEWANN,,,
Untere Säun,Y0493,8421000,660,GEWANN,,,
Benderhof,Y0494,8421000,6,GEWANN,,,
Stadtmauer,Y0495,8421000,11,GEWANN,,,
Donauschwabenufer,Y0496,8421000,15,GEWANN,,,
Kleine Blau,Y0497,8421000,26,GEWANN,,,
Stubengasse,Y0498,8421000,28,GEWANN,,,
Große Blau,Y0499,8421000,33,GEWANN,,,
Hahnenwinkel,Y0500,8421000,110,GEWANN,,,
Kobelgraben,Y0501,8421000,120,GEWANN,,,
Wilhelmshöhe,Y0502,8421000,149,GEWANN,,,
Schneckenplätzle,Y0503,8421000,177,GEWANN,,,
Schillerhöhe,Y0504,8421000,184,GEWANN,,,
Schulerplätzle,Y0505,8421000,1723,GEWANN,,,
Alter Friedhof,Y0506,8421000,212,GEWANN,,,
Blaukanal,Y0507,8421000,222,GEWANN,,,
Untere Bleiche,Y0508,8421000,226,GEWANN,,,
Stockmahd,Y0509,8421000,236,GEWANN,,,
Brenzbahn,Y0510,8421000,244,GEWANN,,,
Örlinger Tal,Y0511,8421000,248,GEWANN,,,
Eichenplatz,Y0512,8421000,252,GEWANN,,,
Söflinger Ring,Y0513,8421000,1724,GEWANN,,,
Kesselbronner Weg,Y0514,8421000,1725,GEWANN,,,
Unteres Braunland,Y0515,8421000,260,GEWANN,,,
Vorderer Hafenberg,Y0516,8421000,268,GEWANN,,,
Hasenberg,Y0517,8421000,1726,GEWANN,,,
Schloßäcker,Y0518,8421000,269,GEWANN,,,
Hinterer Ösch,Y0519,8421000,273,GEWANN,,,
Spitalholz,Y0520,8421000,275,GEWANN,,,
Schildwache,Y0521,8421000,276,GEWANN,,,
Örlinger Holz,Y0522,8421000,277,GEWANN,,,
Wannenäcker,Y0523,8421000,279,GEWANN,,,
Öschaienwiese,Y0524,8421000,280,GEWANN,,,
Am grünen Graben,Y0525,8421000,281,GEWANN,,,
Beim Buchbrunnen,Y0526,8421000,283,GEWANN,,,
Ruhetalberg,Y0527,8421000,292,GEWANN,,,
Hafenweg,Y0528,8421000,305,GEWANN,,,
Hasenkopf,Y0529,8421000,306,GEWANN,,,
Oberer Berg,Y0530,8421000,316,GEWANN,,,
Wanne,Y0531,8421000,317,GEWANN,,,
Pfaffenhau,Y0532,8421000,1727,GEWANN,,,
Schwarze Äcker,Y0533,8421000,319,GEWANN,,,
Winterhalde,Y0534,8421000,322,GEWANN,,,
Baumgärten,Y0535,8421000,321,GEWANN,,,
Breiter Weg,Y0536,8421000,333,GEWANN,,,
Unter dem Hetzenbäumle,Y0537,8421000,335,GEWANN,,,
Blau,Y0538,8421000,343,GEWANN,,,
An der Ziegellände,Y0539,8421000,429,GEWANN,,,
Am Galgenberg,Y0540,8421000,430,GEWANN,,,
Au,Y0541,8421000,434,GEWANN,,,
Oberer Wasserfall,Y0542,8421000,435,GEWANN,,,
Grimmelfinger Wegle,Y0543,8421000,449,GEWANN,,,
Beim Gähen Stich,Y0544,8421000,458,GEWANN,,,
Hohen Rain,Y0545,8421000,459,GEWANN,,,
Bei der Barbaralinde,Y0546,8421000,460,GEWANN,,,
Wartwiese,Y0547,8421000,463,GEWANN,,,
Galgenwert,Y0548,8421000,469,GEWANN,,,
Linkes Donauufer,Y0549,8421000,471,GEWANN,,,
Jungfraustück,Y0550,8421000,472,GEWANN,,,
Nonnenmähder,Y0551,8421000,473,GEWANN,,,
Rechtes Donauufer,Y0552,8421000,474,GEWANN,,,
Fischerhausen,Y0553,8421000,475,GEWANN,,,
Untere Farren,Y0554,8421000,489,GEWANN,,,
Lakaienwäldle,Y0555,8421000,490,GEWANN,,,
Beim Schloßgarten,Y0556,8421000,491,GEWANN,,,
Gemeinde Egerten,Y0557,8421000,495,GEWANN,,,
Hirtenwiesle,Y0558,8421000,511,GEWANN,,,
Buchbrunnen,Y0559,8421000,284,GEWANN,,,
An der Halde,Y0560,8421000,289,GEWANN,,,
Hans-Reyhing-Weg,Y0561,8421000,461,GEWANN,,,
Alfred-Delp-Weg,Y0562,8421000,488,GEWANN,,,
Haldenwiese,Y0563,8421000,497,GEWANN,,,
Ehinger Anlagen,Y0564,8421000,518,GEWANN,,,
Hauptbahnhof Süd,Y0565,8421000,526,GEWANN,,,
Ostbahnhof,Y0566,8421000,531,GEWANN,,,
Beim Totenweg,Y0567,8421000,737,GEWANN,,,
Dreierberg,Y0568,8421000,738,GEWANN,,,
Buchbrunnenhalde,Y0569,8421000,740,GEWANN,,,
Schanzgrubenhau,Y0570,8421000,741,GEWANN,,,
Roter Berg,Y0571,8421000,742,GEWANN,,,
Krautgartenbläule,Y0572,8421000,744,GEWANN,,,
Zäunewiesen,Y0573,8421000,745,GEWANN,,,
Johannesäcker,Y0574,8421000,749,GEWANN,,,
Beim Blauweg,Y0575,8421000,756,GEWANN,,,
Gratwohl,Y0576,8421000,761,GEWANN,,,
Roter Bach,Y0577,8421000,768,GEWANN,,,
Hasenkopfgärten,Y0578,8421000,713,GEWANN,,,
Im Schmalen Wegle,Y0579,8421000,1728,GEWANN,,,
Steig,Y0580,8421000,772,GEWANN,,,
Taläcker,Y0581,8421000,773,GEWANN,,,
Pfaffenkau,Y0582,8421000,731,GEWANN,,,
Kohlplatte,Y0583,8421000,775,GEWANN,,,
Westtangente,Y0584,8421000,320,GEWANN,,,
Neue Riedteile,Y0585,8421000,734,GEWANN,,,
Haldenberg,Y0586,8421000,735,GEWANN,,,
Insel in der Blau,Y0587,8421000,736,GEWANN,,,
Lange Weidach,Y0588,8421000,795,GEWANN,,,
Schwarzer Graben,Y0589,8421000,596,GEWANN,,,
Grenzgraben,Y0590,8421000,599,GEWANN,,,
Äußere Lichse,Y0591,8421000,600,GEWANN,,,
Mittlere Lichse,Y0592,8421000,601,GEWANN,,,
Untere Lichse,Y0593,8421000,605,GEWANN,,,
Sandhaken,Y0594,8421000,606,GEWANN,,,
Lichternsee,Y0595,8421000,608,GEWANN,,,
Bläule,Y0596,8421000,1729,GEWANN,,,
Im Erle,Y0597,8421000,705,GEWANN,,,
Auf dem Plapper,Y0598,8421000,722,GEWANN,,,
Schiessige Furch,Y0599,8421000,729,GEWANN,,,
Häringsäcker,Y0600,8421000,732,GEWANN,,,
Am Binzelfinger Wald,Y0601,8421000,770,GEWANN,,,
Binzelfinger,Y0602,8421000,771,GEWANN,,,
Am Kugelberg,Y0603,8421000,774,GEWANN,,,
Auf der Laue,Y0604,8421000,777,GEWANN,,,
Gleißelstetten,Y0605,8421000,790,GEWANN,,,
Maienwäldle,Y0606,8421000,791,GEWANN,,,
Butzental,Y0607,8421000,793,GEWANN,,,
Oberer Kuhberg,Y0608,8421000,796,GEWANN,,,
Kauteräcker,Y0609,8421000,803,GEWANN,,,
Alte Riedteile,Y0610,8421000,818,GEWANN,,,
Ring,Y0611,8421000,820,GEWANN,,,
Römerhöfe,Y0612,8421000,816,GEWANN,,,
Dreißig Jauchert,Y0613,8421000,840,GEWANN,,,
Im Ort,Y0614,8421000,1730,GEWANN,,,
Große Steigenen,Y0615,8421000,841,GEWANN,,,
Oberes Butzental,Y0616,8421000,842,GEWANN,,,
Johannes-Hafner-Weg,Y0617,8421000,843,GEWANN,,,
Unteres Butzental,Y0618,8421000,846,GEWANN,,,
Hofäcker,Y0619,8421000,847,GEWANN,,,
Laueräcker,Y0620,8421000,848,GEWANN,,,
Lauerheckenweg,Y0621,8421000,849,GEWANN,,,
Eichenäcker,Y0622,8421000,850,GEWANN,,,
Maiäcker,Y0623,8421000,852,GEWANN,,,
Nach Söflingen,Y0624,8421000,853,GEWANN,,,
Kleine Steigenen,Y0625,8421000,854,GEWANN,,,
Baurenhölzer,Y0626,8421000,855,GEWANN,,,
Loch,Y0627,8421000,856,GEWANN,,,
Fischerhalde,Y0628,8421000,871,GEWANN,,,
Grischelers Weiher,Y0629,8421000,872,GEWANN,,,
Großer Weiher,Y0630,8421000,873,GEWANN,,,
Beim Einsiedlerkapelle,Y0631,8421000,874,GEWANN,,,
Moosäcker,Y0632,8421000,875,GEWANN,,,
Iller,Y0633,8421000,476,GEWANN,,,
Pfingstengriess,Y0634,8421000,878,GEWANN,,,
Galgenfeld,Y0635,8421000,929,GEWANN,,,
Unteres Fischerhauser Feld,Y0636,8421000,881,GEWANN,,,
Mühlgarten,Y0637,8421000,882,GEWANN,,,
Weihung,Y0638,8421000,886,GEWANN,,,
Ostermahd,Y0639,8421000,897,GEWANN,,,
Schleifmühle,Y0640,8421000,900,GEWANN,,,
Sägefeld,Y0641,8421000,901,GEWANN,,,
Fahrtäcker,Y0642,8421000,902,GEWANN,,,
Zw.d. Unterw. und Unterkb. Weg,Y0643,8421000,909,GEWANN,,,
Unterer Hartweg,Y0644,8421000,912,GEWANN,,,
Mittlerer Hartweg,Y0645,8421000,913,GEWANN,,,
Oberer Hartweg,Y0646,8421000,914,GEWANN,,,
Hartweg,Y0647,8421000,915,GEWANN,,,
Fischbachweg,Y0648,8421000,916,GEWANN,,,
Ziegelstadel,Y0649,8421000,917,GEWANN,,,
Wiblinger Hart,Y0650,8421000,919,GEWANN,,,
Gögglinger Wald,Y0651,8421000,920,GEWANN,,,
Im Trieb,Y0652,8421000,923,GEWANN,,,
Erenlauh,Y0653,8421000,925,GEWANN,,,
Jungfraumähder,Y0654,8421000,932,GEWANN,,,
Inselweg,Y0655,8421000,933,GEWANN,,,
Nach Friedrichshafen,Y0656,8421000,934,GEWANN,,,
Rotwandacker,Y0657,8421000,938,GEWANN,,,
An der roten Wand,Y0658,8421000,939,GEWANN,,,
Reutimahd,Y0659,8421000,940,GEWANN,,,
Großer Krautgarten,Y0660,8421000,941,GEWANN,,,
Gronauwiesen,Y0661,8421000,943,GEWANN,,,
Gronnenrain,Y0662,8421000,944,GEWANN,,,
Gronaurain,Y0663,8421000,945,GEWANN,,,
Im Wörth,Y0664,8421000,946,GEWANN,,,
Tannenplatz-Mitte,Y0665,8421000,947,GEWANN,,,
Oberer Ösch,Y0666,8421000,1731,GEWANN,,,
Äbtissin-Rampf-Weg,Y0667,8421000,1732,GEWANN,w,"<strong>Euphrosina Rampf</strong>, 1648–1718, Äbtissin des Clarissenkloster Wiblingen",
Hafenberg,Y0668,8421000,543,GEWANN,,,
Böfinger Halde,Y0669,8421000,1763,GEWANN,,,
Erminger Weg,Y0670,8421000,1764,GEWANN,,,
Haldenweg,Y0671,8421000,1765,GEWANN,,,
Kalköfele,Y0672,8421000,1766,GEWANN,,,
Ristberg,Y0673,8421000,1767,GEWANN,,,
Zwischen den Wegen,Y0674,8421000,1773,GEWANN,,,
Unterer Kuhberg,Y0675,8421000,1774,GEWANN,,,
Egginger Weg,Y0676,8421000,1775,GEWANN,,,
Heuweg,Y0677,8421000,1776,GEWANN,,,
Dornstadter Weg,Y0678,8421000,1777,GEWANN,,,
Beim Steinbruch,Y0679,8421000,1778,GEWANN,,,
Am Weinweg,Y0680,8421000,1800,GEWANN,,,
Südlicher Entwässerungsgraben,Y0681,8421000,1810,GEWANN,,,